ts,sessionId,level,itemInSession,city,zip,state,userAgent,lon,lat,userId,lastName,firstName,gender,registration,success
1704550002817,1808,paid,2,Valley Village,91607,CA,"""Mozilla/5.0 (Windows NT 6.3; WOW64) AppleWebKit/537.36 (KHTML, like Gecko) Chrome/36.0.1985.125 Safari/537.36""",-118.399795,34.165783,634,Perkins,Levi,M,1704548482817,True
1704550940817,420,free,1,Colorado Springs,80906,CO,"""Mozilla/5.0 (Windows NT 6.1; WOW64) AppleWebKit/537.36 (KHTML, like Gecko) Chrome/36.0.1985.125 Safari/537.36""",-104.878195,38.752622,,,,,,False
1704550941817,420,free,2,Colorado Springs,80906,CO,"""Mozilla/5.0 (Windows NT 6.1; WOW64) AppleWebKit/537.36 (KHTML, like Gecko) Chrome/36.0.1985.125 Safari/537.36""",-104.878195,38.752622,,,,,,False
1704550947817,420,free,3,Colorado Springs,80906,CO,"""Mozilla/5.0 (Windows NT 6.1; WOW64) AppleWebKit/537.36 (KHTML, like Gecko) Chrome/36.0.1985.125 Safari/537.36""",-104.878195,38.752622,421,Freeman,Zamarion,M,1704548482817,True
1704552631817,361,free,2,Tampa,33609,FL,"""Mozilla/5.0 (Macintosh; Intel Mac OS X 10_8_5) AppleWebKit/537.36 (KHTML, like Gecko) Chrome/36.0.1985.125 Safari/537.36""",-82.517675,27.944272,362,Watson,Jocelynn,F,1704548482817,True
1704552648817,1801,free,6,Westfield,1085,MA,Mozilla/5.0 (Windows NT 6.3; WOW64; Trident/7.0; rv:11.0) like Gecko,-72.771602,42.153503,586,Melton,Alexander,M,1704548482817,True
1704553172817,310,free,1,New London,63459,MO,"""Mozilla/5.0 (Windows NT 6.1) AppleWebKit/537.36 (KHTML, like Gecko) Chrome/36.0.1985.143 Safari/537.36""",-91.369252,39.579374,311,Moore,Lydia,F,1704548482817,True
1704555465817,1757,paid,1,Phoenix,85051,AZ,"""Mozilla/5.0 (Macintosh; Intel Mac OS X 10_9_4) AppleWebKit/537.36 (KHTML, like Gecko) Chrome/36.0.1985.143 Safari/537.36""",-112.132418,33.558659,720,Hernandez,Kale,M,1704548482817,True
1704556403817,893,paid,118,Hanover Park,60133,IL,"""Mozilla/5.0 (Windows NT 6.3; WOW64) AppleWebKit/537.36 (KHTML, like Gecko) Chrome/36.0.1985.143 Safari/537.36""",-88.14259,41.977726,894,Arnold,Kierra,F,1704548482817,True
1704556850817,622,free,5,Rancho Cucamonga,91701,CA,"""Mozilla/5.0 (Macintosh; Intel Mac OS X 10_9_4) AppleWebKit/537.77.4 (KHTML, like Gecko) Version/7.0.5 Safari/537.77.4""",-117.599944,34.137563,623,Smith,Summer,F,1704548482817,True
1704559109817,310,paid,35,New London,63459,MO,"""Mozilla/5.0 (Windows NT 6.1) AppleWebKit/537.36 (KHTML, like Gecko) Chrome/36.0.1985.143 Safari/537.36""",-91.369252,39.579374,311,Moore,Lydia,F,1704548482817,True
1704578959817,1723,free,6,Murfreesboro,37129,TN,Mozilla/5.0 (X11; Linux x86_64; rv:31.0) Gecko/20100101 Firefox/31.0,-86.442648,35.932526,619,Leon,Jamal,M,1704548482817,True
1704584203817,922,free,5,Seattle,98107,WA,"""Mozilla/5.0 (Macintosh; Intel Mac OS X 10_9_4) AppleWebKit/537.36 (KHTML, like Gecko) Chrome/36.0.1985.143 Safari/537.36""",-122.377551,47.667527,923,Shea,Oscar,M,1704548482817,True
1704593054817,1607,paid,2,Westmoreland,37186,TN,Mozilla/5.0 (Windows NT 6.1; WOW64; rv:24.0) Gecko/20100101 Firefox/24.0,-86.221711,36.596738,238,Thompson,Messiah,M,1704548482817,True
1704603167817,1676,paid,2,Burlington,5401,VT,"""Mozilla/5.0 (Windows NT 6.3; WOW64) AppleWebKit/537.36 (KHTML, like Gecko) Chrome/36.0.1985.143 Safari/537.36""",-73.209998,44.476621,438,Brown,Daniel,M,1704548482817,True
1704614543817,434,free,1,Lancaster,93536,CA,"""Mozilla/5.0 (Windows NT 6.1) AppleWebKit/537.36 (KHTML, like Gecko) Chrome/36.0.1985.125 Safari/537.36""",-118.369249,34.74739,,,,,,False
1704614544817,434,free,2,Lancaster,93536,CA,"""Mozilla/5.0 (Windows NT 6.1) AppleWebKit/537.36 (KHTML, like Gecko) Chrome/36.0.1985.125 Safari/537.36""",-118.369249,34.74739,,,,,,False
1704614568817,434,free,3,Lancaster,93536,CA,"""Mozilla/5.0 (Windows NT 6.1) AppleWebKit/537.36 (KHTML, like Gecko) Chrome/36.0.1985.125 Safari/537.36""",-118.369249,34.74739,435,Landry,Adrian,M,1704548482817,True
1704624995817,1957,paid,33,Salem,29676,SC,"""Mozilla/5.0 (Windows NT 6.1; WOW64) AppleWebKit/537.36 (KHTML, like Gecko) Chrome/36.0.1985.125 Safari/537.36""",-82.982932,34.950234,441,Watson,Annabelle,F,1704548482817,True
1704635730817,1900,paid,2,Issaquah,98029,WA,"""Mozilla/5.0 (Windows NT 6.1; WOW64) AppleWebKit/537.36 (KHTML, like Gecko) Chrome/36.0.1985.143 Safari/537.36""",-122.007748,47.557085,344,Ho,Isabella,F,1704548482817,True
1704639278817,362,free,1,Milford,6460,CT,"""Mozilla/5.0 (Windows NT 6.1; WOW64) AppleWebKit/537.36 (KHTML, like Gecko) Chrome/36.0.1985.125 Safari/537.36""",-73.050812,41.214266,363,Davis,Michael,M,1704548482817,True
1704640848817,1669,free,4,Salisbury,1952,MA,"""Mozilla/5.0 (X11; Linux x86_64) AppleWebKit/537.36 (KHTML, like Gecko) Chrome/35.0.1916.153 Safari/537.36""",-70.841476,42.844793,382,Clark,Madden,M,1704548482817,True
1704654120817,1443,paid,1,Waterford,48327,MI,"""Mozilla/5.0 (Macintosh; Intel Mac OS X 10_9_2) AppleWebKit/537.74.9 (KHTML, like Gecko) Version/7.0.2 Safari/537.74.9""",-83.409987,42.636933,351,Chang,Korvin,M,1704548482817,True
1704661000817,902,free,2,Mount Dora,32757,FL,Mozilla/5.0 (X11; Ubuntu; Linux x86_64; rv:31.0) Gecko/20100101 Firefox/31.0,-81.638118,28.773053,903,Russell,Sincere,M,1704548482817,True
1704661354817,1993,free,5,Clifton,7011,NJ,Mozilla/5.0 (X11; Ubuntu; Linux x86_64; rv:31.0) Gecko/20100101 Firefox/31.0,-74.144073,40.878256,309,Pope,Riya,F,1704548482817,True
1704661637817,563,free,2,Houston,77069,TX,"""Mozilla/5.0 (Macintosh; Intel Mac OS X 10_9_3) AppleWebKit/537.36 (KHTML, like Gecko) Chrome/36.0.1985.125 Safari/537.36""",-95.531201,29.988446,564,Farley,Natalie,F,1704548482817,True
1704670896817,123,paid,1,High Bridge,8829,NJ,Mozilla/5.0 (Windows NT 6.1; Trident/7.0; rv:11.0) like Gecko,-74.890548,40.669591,124,Gordon,Kenley,F,1704548482817,True
1704671299817,2016,paid,1,Somerset,15501,PA,Mozilla/5.0 (Macintosh; Intel Mac OS X 10.9; rv:31.0) Gecko/20100101 Firefox/31.0,-79.12982,40.039742,951,Lowery,Madeline,F,1704548482817,True
1704678289817,505,free,1,Hillsboro,97123,OR,"""Mozilla/5.0 (Windows NT 6.3; WOW64) AppleWebKit/537.36 (KHTML, like Gecko) Chrome/36.0.1985.125 Safari/537.36""",-122.98006,45.44016,506,Robinson,Alejandra,F,1704548482817,True
1704682992817,2010,free,3,Channelview,77530,TX,Mozilla/5.0 (Windows NT 6.1; WOW64; rv:31.0) Gecko/20100101 Firefox/31.0,-95.117207,29.785907,83,Patterson,Kyler,M,1704548482817,True
1704683779817,1554,paid,1,Donna,78537,TX,Mozilla/5.0 (Macintosh; Intel Mac OS X 10.9; rv:31.0) Gecko/20100101 Firefox/31.0,-98.058657,26.1619,801,Simon,Shane,M,1704548482817,True
1704685145817,2091,free,2,Cary,27519,NC,"""Mozilla/5.0 (Windows NT 6.1; WOW64) AppleWebKit/537.36 (KHTML, like Gecko) Chrome/36.0.1985.143 Safari/537.36""",-78.884126,35.809584,749,Nguyen,Dylan,M,1704548482817,True
1704685969817,1724,paid,1,Crown Point,46307,IN,"""Mozilla/5.0 (Windows NT 6.1) AppleWebKit/537.36 (KHTML, like Gecko) Chrome/36.0.1985.143 Safari/537.36""",-87.326033,41.403917,921,Cannon,Elvin,M,1704548482817,True
1704687841817,1724,paid,16,Crown Point,46307,IN,"""Mozilla/5.0 (Windows NT 6.1) AppleWebKit/537.36 (KHTML, like Gecko) Chrome/36.0.1985.143 Safari/537.36""",-87.326033,41.403917,921,Cannon,Elvin,M,1704548482817,True
1704691244817,236,free,2,Beaufort,29905,SC,"""Mozilla/5.0 (Macintosh; Intel Mac OS X 10_9_4) AppleWebKit/537.36 (KHTML, like Gecko) Chrome/36.0.1985.125 Safari/537.36""",-80.682217,32.351589,237,Smith,Mathew,M,1704548482817,True
1704691914817,2069,free,2,Statesville,28625,NC,Mozilla/5.0 (Windows NT 6.1; rv:31.0) Gecko/20100101 Firefox/31.0,-80.890284,35.868681,294,Mckenzie,Zachary,M,1704548482817,True
1704700893817,1932,free,8,Brooklyn,11214,NY,Mozilla/5.0 (Windows NT 6.3; WOW64; Trident/7.0; rv:11.0) like Gecko,-73.99609,40.599148,636,Graham,Ambree,F,1704548482817,True
1704703192817,524,free,1,Olympia,98513,WA,"""Mozilla/5.0 (Macintosh; Intel Mac OS X 10_9_4) AppleWebKit/537.36 (KHTML, like Gecko) Chrome/36.0.1985.143 Safari/537.36""",-122.733942,46.97703,525,Nelson,Ashton,M,1704548482817,True
1704708613817,468,free,2,Kaysville,84037,UT,"""Mozilla/5.0 (Macintosh; Intel Mac OS X 10_9_4) AppleWebKit/537.78.2 (KHTML, like Gecko) Version/7.0.6 Safari/537.78.2""",-111.950728,41.027177,469,Martin,Lucas,M,1704548482817,True
1704709955817,1659,free,1,Lumberton,39455,MS,"""Mozilla/5.0 (Windows NT 6.1; WOW64) AppleWebKit/537.36 (KHTML, like Gecko) Chrome/36.0.1985.143 Safari/537.36""",-89.458807,31.011868,855,Fitzgerald,Marla,F,1704548482817,True
1704710635817,1964,free,5,Northvale,7647,NJ,"""Mozilla/5.0 (iPad; CPU OS 7_1_2 like Mac OS X) AppleWebKit/537.51.2 (KHTML, like Gecko) Version/7.0 Mobile/11D257 Safari/9537.53""",-73.942772,41.006364,410,Roman,Cason,M,1704548482817,True
1704714011817,1974,free,6,Wilmington,45177,OH,"""Mozilla/5.0 (iPhone; CPU iPhone OS 7_1_2 like Mac OS X) AppleWebKit/537.51.2 (KHTML, like Gecko) Version/7.0 Mobile/11D257 Safari/9537.53""",-83.844424,39.463017,557,Stevens,Kamryn,F,1704548482817,True
1704714320817,1899,paid,1,York,17401,PA,"""Mozilla/5.0 (Windows NT 6.1; WOW64) AppleWebKit/537.36 (KHTML, like Gecko) Chrome/37.0.2062.103 Safari/537.36""",-76.733457,39.959462,203,Ward,Malia,F,1704548482817,True
1704717613817,2035,free,3,Walls,38680,MS,"""Mozilla/5.0 (Windows NT 6.1; WOW64) AppleWebKit/537.36 (KHTML, like Gecko) Chrome/37.0.2062.103 Safari/537.36""",-90.146147,34.951674,581,Perez,Jolie,F,1704548482817,True
1704718608817,2148,free,2,Vacaville,95687,CA,"""Mozilla/5.0 (Windows NT 6.3; WOW64) AppleWebKit/537.36 (KHTML, like Gecko) Chrome/36.0.1985.143 Safari/537.36""",-121.920151,38.333133,725,Buchanan,Peyton,M,1704548482817,True
1704722457817,680,free,3,Stone Mountain,30083,GA,"""Mozilla/5.0 (Windows NT 6.1; WOW64) AppleWebKit/537.36 (KHTML, like Gecko) Chrome/36.0.1985.143 Safari/537.36""",-84.197984,33.797412,681,Rowland,Bryanna,F,1704548482817,True
1704722715817,1515,free,1,Lillian,36549,AL,Mozilla/5.0 (Windows NT 6.1; WOW64; rv:31.0) Gecko/20100101 Firefox/31.0,-87.456014,30.410937,291,Scott,Levi,M,1704548482817,True
1704722774817,984,free,1,Los Angeles,90016,CA,Mozilla/5.0 (X11; Linux x86_64; rv:31.0) Gecko/20100101 Firefox/31.0,-118.354338,34.028331,985,Oneill,Noah,M,1704548482817,True
1704723004817,1875,paid,1,Flanders,7836,NJ,"""Mozilla/5.0 (Windows NT 6.1; WOW64) AppleWebKit/537.36 (KHTML, like Gecko) Chrome/37.0.2062.102 Safari/537.36""",-74.710722,40.843103,524,Wiley,Shylah,F,1704548482817,True
1704723771817,1380,free,1,Nutley,7110,NJ,"""Mozilla/5.0 (Windows NT 6.1; WOW64) AppleWebKit/537.36 (KHTML, like Gecko) Chrome/37.0.2062.103 Safari/537.36""",-74.156079,40.820568,975,Willis,William,M,1704548482817,True
1704725205817,900,free,6,Gladewater,75647,TX,"""Mozilla/5.0 (Windows NT 6.3; WOW64) AppleWebKit/537.36 (KHTML, like Gecko) Chrome/36.0.1985.143 Safari/537.36""",-94.953266,32.514636,901,Delgado,Nadia,F,1704548482817,True
1704725812817,330,free,2,Midland City,36350,AL,"""Mozilla/5.0 (Windows NT 6.1; WOW64) AppleWebKit/537.36 (KHTML, like Gecko) Chrome/36.0.1985.143 Safari/537.36""",-85.495521,31.350214,331,Alexander,Xander,M,1704548482817,True
1704726555817,218,free,2,Lancaster,43130,OH,"""Mozilla/5.0 (Windows NT 6.3; WOW64) AppleWebKit/537.36 (KHTML, like Gecko) Chrome/36.0.1985.143 Safari/537.36""",-82.614164,39.696616,219,Daniels,Jeremy,M,1704548482817,True
1704726950817,828,free,1,Omaha,68164,NE,Mozilla/5.0 (Windows NT 6.1; WOW64; rv:31.0) Gecko/20100101 Firefox/31.0,-96.106748,41.296881,829,Bell,Harrison,M,1704548482817,True
1704727346817,1516,free,1,Medford,11763,NY,"""Mozilla/5.0 (Macintosh; Intel Mac OS X 10_9_4) AppleWebKit/537.78.2 (KHTML, like Gecko) Version/7.0.6 Safari/537.78.2""",-72.984928,40.826881,782,Jones,Audrey,F,1704548482817,True
1704727972817,1871,paid,6,Phoenix,85051,AZ,"""Mozilla/5.0 (Macintosh; Intel Mac OS X 10_9_4) AppleWebKit/537.36 (KHTML, like Gecko) Chrome/36.0.1985.143 Safari/537.36""",-112.132418,33.558659,720,Hernandez,Kale,M,1704548482817,True
1704728121817,1671,free,1,Wauchula,33873,FL,"""Mozilla/5.0 (Macintosh; Intel Mac OS X 10_9_3) AppleWebKit/537.36 (KHTML, like Gecko) Chrome/37.0.2062.94 Safari/537.36""",-81.781215,27.570973,,,,,,False
1704730037817,1606,free,2,Saint Petersburg,33714,FL,"""Mozilla/5.0 (Windows NT 6.1; WOW64) AppleWebKit/537.36 (KHTML, like Gecko) Chrome/36.0.1985.125 Safari/537.36""",-82.677708,27.815246,217,Diaz,Miley,F,1704548482817,True
1704730090817,1483,paid,1,Pittsfield,62363,IL,"""Mozilla/5.0 (Macintosh; Intel Mac OS X 10_9_4) AppleWebKit/537.77.4 (KHTML, like Gecko) Version/7.0.5 Safari/537.77.4""",-90.769665,39.590496,335,Brown,Ivette,F,1704548482817,True
1704730117817,2358,free,2,Miami,33162,FL,Mozilla/5.0 (Windows NT 5.1; rv:31.0) Gecko/20100101 Firefox/31.0,-80.177175,25.927997,898,Grant,Amari,M,1704548482817,True
1704730946817,2244,paid,6,Kennewick,99336,WA,"""Mozilla/5.0 (Windows NT 6.1; WOW64) AppleWebKit/537.36 (KHTML, like Gecko) Chrome/36.0.1985.125 Safari/537.36""",-119.175728,46.21405,603,George,Cade,M,1704548482817,True
1704731903817,2183,paid,1,Kalamazoo,49007,MI,"""Mozilla/5.0 (Macintosh; Intel Mac OS X 10_9_4) AppleWebKit/537.78.2 (KHTML, like Gecko) Version/7.0.6 Safari/537.78.2""",-85.588193,42.302591,520,Martin,Olivia,F,1704548482817,True
1704732425817,582,free,1,Deerfield Beach,33441,FL,"""Mozilla/5.0 (Windows NT 6.1; WOW64) AppleWebKit/537.36 (KHTML, like Gecko) Chrome/36.0.1985.125 Safari/537.36""",-80.09787,26.311101999999998,583,Moore,Naomi,F,1704548482817,True
1704734297817,763,free,4,Torrance,90501,CA,"""Mozilla/5.0 (X11; Linux x86_64) AppleWebKit/537.36 (KHTML, like Gecko) Chrome/36.0.1985.143 Safari/537.36""",-118.314022,33.833744,764,Lewis,Myah,F,1704548482817,True
1704735953817,1301,free,4,Modesto,95354,CA,"""Mozilla/5.0 (Windows NT 6.1; WOW64) AppleWebKit/537.36 (KHTML, like Gecko) Chrome/36.0.1985.143 Safari/537.36""",-120.964772,37.639029,315,Williams,Jaxson,M,1704548482817,True
1704739213817,449,free,1,Richmond,23224,VA,"""Mozilla/5.0 (Windows NT 6.2; WOW64) AppleWebKit/537.36 (KHTML, like Gecko) Chrome/36.0.1985.143 Safari/537.36""",-77.466135,37.497492,450,Chambers,Ella,F,1704548482817,True
1704742476817,2231,free,5,Lexington,40515,KY,Mozilla/5.0 (compatible; MSIE 10.0; Windows NT 6.1; WOW64; Trident/6.0),-84.391441,37.917671,743,Scott,Alina,F,1704548482817,True
1704742838817,586,free,7,Chicago,60620,IL,Mozilla/5.0 (Windows NT 6.3; WOW64; Trident/7.0; rv:11.0) like Gecko,-87.652558,41.740497,587,Cooper,Anthony,M,1704548482817,True
1704743937817,2411,free,2,Torrance,90501,CA,"""Mozilla/5.0 (X11; Linux x86_64) AppleWebKit/537.36 (KHTML, like Gecko) Chrome/36.0.1985.143 Safari/537.36""",-118.314022,33.833744,764,Lewis,Myah,F,1704548482817,True
1704745298817,2224,free,3,Colorado Springs,80906,CO,"""Mozilla/5.0 (Windows NT 6.1; WOW64) AppleWebKit/537.36 (KHTML, like Gecko) Chrome/36.0.1985.125 Safari/537.36""",-104.878195,38.752622,421,Freeman,Zamarion,M,1704548482817,True
1704747351817,1410,free,3,Lafayette,94549,CA,"""Mozilla/5.0 (Macintosh; Intel Mac OS X 10_9_4) AppleWebKit/537.36 (KHTML, like Gecko) Chrome/36.0.1985.143 Safari/537.36""",-122.114292,37.897009,229,Ford,Amari,F,1704548482817,True
1704748133817,2429,paid,2,Florissant,63031,MO,"""Mozilla/5.0 (Macintosh; Intel Mac OS X 10_9_2) AppleWebKit/537.36 (KHTML, like Gecko) Chrome/36.0.1985.125 Safari/537.36""",-90.353928,38.813468,819,Morgan,Matthew,M,1704548482817,True
1704752871817,2355,paid,1,Little Rock,72202,AR,"""Mozilla/5.0 (Windows NT 6.1) AppleWebKit/537.36 (KHTML, like Gecko) Chrome/36.0.1985.125 Safari/537.36""",-92.233147,34.730509,596,Charles,Sierra,F,1704548482817,True
1704758086817,2481,paid,2,Livonia,48154,MI,"""Mozilla/5.0 (Macintosh; Intel Mac OS X 10_9_4) AppleWebKit/537.36 (KHTML, like Gecko) Chrome/36.0.1985.143 Safari/537.36""",-83.372319,42.397183,98,Harrell,Kate,F,1704548482817,True
1704760198817,2390,free,5,Leesburg,34748,FL,"""Mozilla/5.0 (iPhone; CPU iPhone OS 7_1_2 like Mac OS X) AppleWebKit/537.51.2 (KHTML, like Gecko) Version/7.0 Mobile/11D257 Safari/9537.53""",-81.882169,28.766846,279,Wood,Masyn,F,1704548482817,True
1704760689817,2143,free,2,Houston,77039,TX,"""Mozilla/5.0 (Windows NT 6.1; WOW64) AppleWebKit/537.36 (KHTML, like Gecko) Chrome/36.0.1985.143 Safari/537.36""",-95.341182,29.911171,176,Brown,Paris,F,1704548482817,True
1704763580817,1681,paid,2,Denver,80246,CO,Mozilla/5.0 (X11; Ubuntu; Linux i686; rv:31.0) Gecko/20100101 Firefox/31.0,-104.930842,39.705197,,,,,,False
1704763581817,1681,paid,3,Denver,80246,CO,Mozilla/5.0 (X11; Ubuntu; Linux i686; rv:31.0) Gecko/20100101 Firefox/31.0,-104.930842,39.705197,,,,,,False
1704763654817,1681,paid,4,Denver,80246,CO,Mozilla/5.0 (X11; Ubuntu; Linux i686; rv:31.0) Gecko/20100101 Firefox/31.0,-104.930842,39.705197,791,Lane,Darienne,F,1704548482817,True
1704764353817,2468,paid,1,Tucson,85710,AZ,"""Mozilla/5.0 (Macintosh; Intel Mac OS X 10_9_4) AppleWebKit/537.36 (KHTML, like Gecko) Chrome/37.0.2062.94 Safari/537.36""",-110.823718,32.214133,472,Reyes,Tyrique,M,1704548482817,True
1704768075817,1725,free,2,Cromwell,6416,CT,"""Mozilla/5.0 (Windows NT 6.1; WOW64) AppleWebKit/537.36 (KHTML, like Gecko) Chrome/36.0.1985.125 Safari/537.36""",-72.661604,41.616551,34,Conway,Herbert,M,1704548482817,True
1704779823817,2450,free,7,Huntingburg,47542,IN,Mozilla/5.0 (Windows NT 6.1; WOW64; rv:31.0) Gecko/20100101 Firefox/31.0,-86.967215,38.296593,,,,,,False
1704779824817,2450,free,8,Huntingburg,47542,IN,Mozilla/5.0 (Windows NT 6.1; WOW64; rv:31.0) Gecko/20100101 Firefox/31.0,-86.967215,38.296593,,,,,,False
1704780020817,2450,free,9,Huntingburg,47542,IN,Mozilla/5.0 (Windows NT 6.1; WOW64; rv:31.0) Gecko/20100101 Firefox/31.0,-86.967215,38.296593,131,Garcia,Natalie,F,1704548482817,True
1704782296817,2542,paid,1,Tucson,85710,AZ,"""Mozilla/5.0 (Macintosh; Intel Mac OS X 10_9_4) AppleWebKit/537.36 (KHTML, like Gecko) Chrome/37.0.2062.94 Safari/537.36""",-110.823718,32.214133,472,Reyes,Tyrique,M,1704548482817,True
1704783295817,2041,paid,1,Greenwood,46143,IN,"""Mozilla/5.0 (Macintosh; Intel Mac OS X 10_9_4) AppleWebKit/537.36 (KHTML, like Gecko) Chrome/36.0.1985.143 Safari/537.36""",-86.116319,39.59586,387,Gonzalez,Anjalie,F,1704548482817,True
1704785192817,2133,free,4,Channelview,77530,TX,Mozilla/5.0 (Windows NT 6.1; WOW64; rv:31.0) Gecko/20100101 Firefox/31.0,-95.117207,29.785907,,,,,,False
1704785193817,2133,free,5,Channelview,77530,TX,Mozilla/5.0 (Windows NT 6.1; WOW64; rv:31.0) Gecko/20100101 Firefox/31.0,-95.117207,29.785907,,,,,,False
1704785251817,2133,free,6,Channelview,77530,TX,Mozilla/5.0 (Windows NT 6.1; WOW64; rv:31.0) Gecko/20100101 Firefox/31.0,-95.117207,29.785907,83,Patterson,Kyler,M,1704548482817,True
1704788111817,1914,free,5,Roaring River,28669,NC,"""Mozilla/5.0 (Macintosh; Intel Mac OS X 10_9_3) AppleWebKit/537.36 (KHTML, like Gecko) Chrome/36.0.1985.143 Safari/537.36""",-80.99309,36.223525,991,Sellers,Lillian,F,1704548482817,True
1704797293817,2368,paid,23,York,17401,PA,"""Mozilla/5.0 (Windows NT 6.1; WOW64) AppleWebKit/537.36 (KHTML, like Gecko) Chrome/37.0.2062.103 Safari/537.36""",-76.733457,39.959462,203,Ward,Malia,F,1704548482817,True
1704797834817,2552,paid,10,Somerset,15501,PA,Mozilla/5.0 (Macintosh; Intel Mac OS X 10.9; rv:31.0) Gecko/20100101 Firefox/31.0,-79.12982,40.039742,951,Lowery,Madeline,F,1704548482817,True
1704801604817,2272,paid,2,Inglewood,90305,CA,"""Mozilla/5.0 (Windows NT 6.3; WOW64) AppleWebKit/537.36 (KHTML, like Gecko) Chrome/36.0.1985.143 Safari/537.36""",-118.330548,33.95889,858,Colon,Rhys,M,1704548482817,True
1704804002817,451,free,4,Lanham,20706,MD,"""Mozilla/5.0 (Windows NT 6.1; WOW64) AppleWebKit/537.36 (KHTML, like Gecko) Chrome/37.0.2062.94 Safari/537.36""",-76.851091,38.96588,452,Leblanc,Allie,F,1704548482817,True
1704804465817,193,free,2,New Carlisle,45344,OH,"""Mozilla/5.0 (Macintosh; Intel Mac OS X 10_9_4) AppleWebKit/537.78.2 (KHTML, like Gecko) Version/7.0.6 Safari/537.78.2""",-84.009766,39.952394,194,Watts,Liam,M,1704548482817,True
1704804771817,933,free,1,Portland,97203,OR,"""Mozilla/5.0 (Macintosh; Intel Mac OS X 10_9_4) AppleWebKit/537.78.2 (KHTML, like Gecko) Version/7.0.6 Safari/537.78.2""",-122.737905,45.603549,934,Griffin,Ahmed,M,1704548482817,True
1704805631817,2552,paid,50,Somerset,15501,PA,Mozilla/5.0 (Macintosh; Intel Mac OS X 10.9; rv:31.0) Gecko/20100101 Firefox/31.0,-79.12982,40.039742,951,Lowery,Madeline,F,1704548482817,True
1704807073817,1343,paid,1,Muskego,53150,WI,Mozilla/5.0 (Windows NT 6.1; rv:31.0) Gecko/20100101 Firefox/31.0,-88.134318,42.871352,73,Patterson,Nevaeha,F,1704548482817,True
1704809206817,2397,paid,1,Flanders,7836,NJ,"""Mozilla/5.0 (Windows NT 6.1; WOW64) AppleWebKit/537.36 (KHTML, like Gecko) Chrome/37.0.2062.102 Safari/537.36""",-74.710722,40.843103,524,Wiley,Shylah,F,1704548482817,True
1704811533817,2413,paid,52,Houston,77051,TX,"""Mozilla/5.0 (Windows NT 6.1; WOW64) AppleWebKit/537.36 (KHTML, like Gecko) Chrome/36.0.1985.125 Safari/537.36""",-95.378696,29.656113,809,Moon,Clarence,M,1704548482817,True
1704813670817,2050,paid,1,Smithfield,2917,RI,Mozilla/5.0 (Windows NT 6.1; WOW64; rv:31.0) Gecko/20100101 Firefox/31.0,-71.523305,41.905774,348,Palmer,Zani,M,1704548482817,True
1704813933817,2733,free,7,Liberty,29657,SC,"""Mozilla/5.0 (Macintosh; Intel Mac OS X 10_9_2) AppleWebKit/537.36 (KHTML, like Gecko) Chrome/36.0.1985.125 Safari/537.36""",-82.686571,34.767088,,,,,,False
1704813965817,2733,free,10,Liberty,29657,SC,"""Mozilla/5.0 (Macintosh; Intel Mac OS X 10_9_2) AppleWebKit/537.36 (KHTML, like Gecko) Chrome/36.0.1985.125 Safari/537.36""",-82.686571,34.767088,111,Rogers,Alisa,F,1704548482817,True
1704814202817,2260,paid,1,D Hanis,78850,TX,Mozilla/5.0 (compatible; MSIE 9.0; Windows NT 6.1; Trident/5.0),-99.329182,29.285285000000002,118,Ramirez,Kira,F,1704548482817,True
1704814624817,2549,paid,30,Bentleyville,15314,PA,"""Mozilla/5.0 (Macintosh; Intel Mac OS X 10_9_4) AppleWebKit/537.78.2 (KHTML, like Gecko) Version/7.0.6 Safari/537.78.2""",-80.016809,40.146306,,,,,,False
1704820879817,1701,free,4,Philadelphia,19128,PA,"""Mozilla/5.0 (Macintosh; Intel Mac OS X 10_10_0) AppleWebKit/537.36 (KHTML, like Gecko) Chrome/36.0.1985.125 Safari/537.36""",-75.227934,40.048483,126,Collins,John,M,1704548482817,True
1704821439817,2790,free,1,Davison,48423,MI,"""Mozilla/5.0 (Windows NT 6.1; WOW64) AppleWebKit/537.36 (KHTML, like Gecko) Chrome/36.0.1985.125 Safari/537.36""",-83.51096,43.038705,,,,,,False
1704821440817,2790,free,2,Davison,48423,MI,"""Mozilla/5.0 (Windows NT 6.1; WOW64) AppleWebKit/537.36 (KHTML, like Gecko) Chrome/36.0.1985.125 Safari/537.36""",-83.51096,43.038705,,,,,,False
1704821499817,2790,free,3,Davison,48423,MI,"""Mozilla/5.0 (Windows NT 6.1; WOW64) AppleWebKit/537.36 (KHTML, like Gecko) Chrome/36.0.1985.125 Safari/537.36""",-83.51096,43.038705,624,Brown,Jameson,M,1704548482817,True
1704822783817,2108,free,2,Perry,32348,FL,"""Mozilla/5.0 (Windows NT 6.1; WOW64) AppleWebKit/537.36 (KHTML, like Gecko) Chrome/36.0.1985.143 Safari/537.36""",-83.596157,29.977404,572,Beck,Janetzy,F,1704548482817,True
1704828837817,2179,paid,21,Donna,78537,TX,Mozilla/5.0 (Macintosh; Intel Mac OS X 10.9; rv:31.0) Gecko/20100101 Firefox/31.0,-98.058657,26.1619,801,Simon,Shane,M,1704548482817,True
1704828939817,2179,paid,26,Donna,78537,TX,Mozilla/5.0 (Macintosh; Intel Mac OS X 10.9; rv:31.0) Gecko/20100101 Firefox/31.0,-98.058657,26.1619,801,Simon,Shane,M,1704548482817,True
1704829706817,2520,free,7,Potomac,20854,MD,"""Mozilla/5.0 (Macintosh; Intel Mac OS X 10_9_4) AppleWebKit/537.77.4 (KHTML, like Gecko) Version/7.0.5 Safari/537.77.4""",-77.222312,39.032995,,,,,,False
1704830319817,2576,free,9,Huntingburg,47542,IN,Mozilla/5.0 (Windows NT 6.1; WOW64; rv:31.0) Gecko/20100101 Firefox/31.0,-86.967215,38.296593,131,Garcia,Natalie,F,1704548482817,True
1704831449817,2748,free,6,Naples,75568,TX,"""Mozilla/5.0 (Windows NT 6.1; WOW64) AppleWebKit/537.36 (KHTML, like Gecko) Chrome/36.0.1985.125 Safari/537.36""",-94.588989,33.194056,818,Mendoza,Landon,M,1704548482817,True
1704837001817,1755,paid,1,Chicago,60646,IL,"""Mozilla/5.0 (Windows NT 6.1; WOW64) AppleWebKit/537.36 (KHTML, like Gecko) Chrome/37.0.2062.103 Safari/537.36""",-87.759627,41.993019,,,,,,False
1704837002817,1755,paid,2,Chicago,60646,IL,"""Mozilla/5.0 (Windows NT 6.1; WOW64) AppleWebKit/537.36 (KHTML, like Gecko) Chrome/37.0.2062.103 Safari/537.36""",-87.759627,41.993019,,,,,,False
1704837006817,1755,paid,3,Chicago,60646,IL,"""Mozilla/5.0 (Windows NT 6.1; WOW64) AppleWebKit/537.36 (KHTML, like Gecko) Chrome/37.0.2062.103 Safari/537.36""",-87.759627,41.993019,890,Watson,Julia,F,1704548482817,True
1704841259817,2262,paid,1,Houston,77030,TX,Mozilla/5.0 (Windows NT 6.1; WOW64; Trident/7.0; rv:11.0) like Gecko,-95.401748,29.706787,88,Hess,Aiden,M,1704548482817,True
1704844616817,2830,paid,25,Flanders,7836,NJ,"""Mozilla/5.0 (Windows NT 6.1; WOW64) AppleWebKit/537.36 (KHTML, like Gecko) Chrome/37.0.2062.102 Safari/537.36""",-74.710722,40.843103,524,Wiley,Shylah,F,1704548482817,True
1704850610817,2104,paid,2,Mchenry,60051,IL,Mozilla/5.0 (Windows NT 6.1; WOW64; rv:30.0) Gecko/20100101 Firefox/30.0,-88.228663,42.355462,554,Johnson,Marine,F,1704548482817,True
1704858195817,2404,free,2,Midlothian,76065,TX,Mozilla/5.0 (Macintosh; Intel Mac OS X 10.9; rv:31.0) Gecko/20100101 Firefox/31.0,-96.99071,32.469267,155,Payne,Alexis,F,1704548482817,True
1704865760817,2607,paid,1,El Segundo,90245,CA,"""Mozilla/5.0 (Windows NT 6.1; WOW64) AppleWebKit/537.36 (KHTML, like Gecko) Chrome/36.0.1985.143 Safari/537.36""",-118.404267,33.91714,984,Mitchell,Kaniyah,F,1704548482817,True
1704867221817,2180,paid,1,Muskego,53150,WI,"""Mozilla/5.0 (Windows NT 6.3; WOW64) AppleWebKit/537.36 (KHTML, like Gecko) Chrome/36.0.1985.143 Safari/537.36""",-88.134318,42.871352,119,Robinson,Julia,F,1704548482817,True
1704870892817,2882,paid,8,Blacksburg,24060,VA,"""Mozilla/5.0 (Windows NT 6.1; WOW64) AppleWebKit/537.36 (KHTML, like Gecko) Chrome/36.0.1985.143 Safari/537.36""",-80.421951,37.256076,457,Moran,Jazmin,F,1704548482817,True
1704871576817,2875,paid,1,Bethalto,62010,IL,"""Mozilla/5.0 (Macintosh; Intel Mac OS X 10_9_4) AppleWebKit/537.36 (KHTML, like Gecko) Chrome/37.0.2062.94 Safari/537.36""",-90.045305,38.921117,12,Fernandez,Kristian,M,1704548482817,True
1704877542817,2787,free,4,San Diego,92103,CA,"""Mozilla/5.0 (Windows NT 6.1) AppleWebKit/537.36 (KHTML, like Gecko) Chrome/36.0.1985.143 Safari/537.36""",-117.166884,32.747412,314,Flores,Aiden,M,1704548482817,True
1704878537817,1143,paid,8,Alva,33920,FL,Mozilla/5.0 (Windows NT 6.1; WOW64; rv:31.0) Gecko/20100101 Firefox/31.0,-81.63605,26.742298,,,,,,False
1704880307817,2311,free,1,Troy,12180,NY,"""Mozilla/5.0 (Windows NT 6.3; WOW64) AppleWebKit/537.36 (KHTML, like Gecko) Chrome/36.0.1985.143 Safari/537.36""",-73.599536,42.748588,87,Nichols,Kiyomi,F,1704548482817,True
1704883881817,713,paid,33,Chandler,85224,AZ,Mozilla/5.0 (Macintosh; Intel Mac OS X 10.9; rv:31.0) Gecko/20100101 Firefox/31.0,-111.878217,33.324113,714,Clark,William,M,1704548482817,True
1704888751817,2989,paid,2,Oklahoma City,73160,OK,"""Mozilla/5.0 (Windows NT 6.3; WOW64) AppleWebKit/537.36 (KHTML, like Gecko) Chrome/36.0.1985.125 Safari/537.36""",-97.475217,35.332438,637,Palmer,Cali,F,1704548482817,True
1704890341817,2523,paid,2,Florissant,63031,MO,"""Mozilla/5.0 (Macintosh; Intel Mac OS X 10_9_2) AppleWebKit/537.36 (KHTML, like Gecko) Chrome/36.0.1985.125 Safari/537.36""",-90.353928,38.813468,819,Morgan,Matthew,M,1704548482817,True
1704890945817,1373,paid,1,Greenfield,46140,IN,"""Mozilla/5.0 (Windows NT 5.1) AppleWebKit/537.36 (KHTML, like Gecko) Chrome/36.0.1985.125 Safari/537.36""",-85.772071,39.801973,750,Baker,Connor,M,1704548482817,True
1704893212817,2238,free,3,Garland,75041,TX,"""Mozilla/5.0 (Windows NT 6.1; WOW64) AppleWebKit/537.36 (KHTML, like Gecko) Chrome/36.0.1985.143 Safari/537.36""",-96.651555,32.880196,896,Jackson,Margeaux,F,1704548482817,True
1704894380817,1249,paid,1,Brooklyn,11223,NY,Mozilla/5.0 (Macintosh; Intel Mac OS X 10.8; rv:31.0) Gecko/20100101 Firefox/31.0,-73.973428,40.597139,478,Levine,Faith,F,1704548482817,True
1704894417817,3009,paid,1,Alva,33920,FL,Mozilla/5.0 (Windows NT 6.1; WOW64; rv:31.0) Gecko/20100101 Firefox/31.0,-81.63605,26.742298,601,Hines,Callie,F,1704548482817,True
1704895081817,1397,paid,1,Alexandria,22309,VA,"""Mozilla/5.0 (Windows NT 6.1; WOW64) AppleWebKit/537.36 (KHTML, like Gecko) Chrome/37.0.2062.103 Safari/537.36""",-77.106668,38.720527,,,,,,False
1704895143817,1397,paid,4,Alexandria,22309,VA,"""Mozilla/5.0 (Windows NT 6.1; WOW64) AppleWebKit/537.36 (KHTML, like Gecko) Chrome/37.0.2062.103 Safari/537.36""",-77.106668,38.720527,,,,,,False
1704895339817,2930,free,1,Pompano Beach,33064,FL,Mozilla/5.0 (Windows NT 6.1; WOW64; rv:32.0) Gecko/20100101 Firefox/32.0,-80.1153,26.278502,537,Reeves,Ziggy,M,1704548482817,True
1704896215817,2764,free,6,Tuscola,61953,IL,"""Mozilla/5.0 (Macintosh; Intel Mac OS X 10_9_2) AppleWebKit/537.74.9 (KHTML, like Gecko) Version/7.0.2 Safari/537.74.9""",-88.291339,39.803409,,,,,,False
1704896420817,2255,free,9,Carthage,64836,MO,"""Mozilla/5.0 (iPhone; CPU iPhone OS 7_1_2 like Mac OS X) AppleWebKit/537.51.2 (KHTML, like Gecko) Version/7.0 Mobile/11D257 Safari/9537.53""",-94.279255,37.189255,,,,,,False
1704896421817,2255,free,10,Carthage,64836,MO,"""Mozilla/5.0 (iPhone; CPU iPhone OS 7_1_2 like Mac OS X) AppleWebKit/537.51.2 (KHTML, like Gecko) Version/7.0 Mobile/11D257 Safari/9537.53""",-94.279255,37.189255,,,,,,False
1704896443817,2255,free,11,Carthage,64836,MO,"""Mozilla/5.0 (iPhone; CPU iPhone OS 7_1_2 like Mac OS X) AppleWebKit/537.51.2 (KHTML, like Gecko) Version/7.0 Mobile/11D257 Safari/9537.53""",-94.279255,37.189255,908,Valdez,Lanie,F,1704548482817,True
1704896764817,1797,free,6,Princeton,8540,NJ,"""Mozilla/5.0 (Macintosh; Intel Mac OS X 10_8_5) AppleWebKit/537.36 (KHTML, like Gecko) Chrome/36.0.1985.143 Safari/537.36""",-74.655321,40.36301,,,,,,False
1704896765817,1797,free,7,Princeton,8540,NJ,"""Mozilla/5.0 (Macintosh; Intel Mac OS X 10_8_5) AppleWebKit/537.36 (KHTML, like Gecko) Chrome/36.0.1985.143 Safari/537.36""",-74.655321,40.36301,,,,,,False
1704896852817,1797,free,8,Princeton,8540,NJ,"""Mozilla/5.0 (Macintosh; Intel Mac OS X 10_8_5) AppleWebKit/537.36 (KHTML, like Gecko) Chrome/36.0.1985.143 Safari/537.36""",-74.655321,40.36301,356,Ware,Braylon,M,1704548482817,True
1704896894817,620,paid,1,New Athens,62264,IL,"""Mozilla/5.0 (Windows NT 6.3; WOW64) AppleWebKit/537.36 (KHTML, like Gecko) Chrome/36.0.1985.143 Safari/537.36""",-89.903533,38.318803,621,Fleming,Elaine,F,1704548482817,True
1704898925817,3041,free,1,Leesburg,34748,FL,"""Mozilla/5.0 (iPhone; CPU iPhone OS 7_1_2 like Mac OS X) AppleWebKit/537.51.2 (KHTML, like Gecko) Version/7.0 Mobile/11D257 Safari/9537.53""",-81.882169,28.766846,279,Wood,Masyn,F,1704548482817,True
1704900008817,2086,paid,134,Benwood,26031,WV,"""Mozilla/5.0 (Windows NT 6.1; WOW64) AppleWebKit/537.36 (KHTML, like Gecko) Chrome/36.0.1985.143 Safari/537.36""",-80.729265,40.009395,762,Oconnell,Emmalyn,F,1704548482817,True
1704902615817,2990,free,5,Spring Valley,55975,MN,"""Mozilla/5.0 (Macintosh; Intel Mac OS X 10_9_4) AppleWebKit/537.36 (KHTML, like Gecko) Chrome/36.0.1985.143 Safari/537.36""",-92.364465,43.677871,216,Torres,Alexander,M,1704548482817,True
1704903154817,2360,free,1,Wauchula,33873,FL,"""Mozilla/5.0 (Macintosh; Intel Mac OS X 10_9_3) AppleWebKit/537.36 (KHTML, like Gecko) Chrome/37.0.2062.94 Safari/537.36""",-81.781215,27.570973,959,Rodriguez,Maria,F,1704548482817,True
1704903303817,2832,paid,56,Kennewick,99336,WA,"""Mozilla/5.0 (Windows NT 6.1; WOW64) AppleWebKit/537.36 (KHTML, like Gecko) Chrome/36.0.1985.125 Safari/537.36""",-119.175728,46.21405,603,George,Cade,M,1704548482817,True
1704903310817,2980,paid,1,Little Rock,72202,AR,"""Mozilla/5.0 (Windows NT 6.1) AppleWebKit/537.36 (KHTML, like Gecko) Chrome/36.0.1985.125 Safari/537.36""",-92.233147,34.730509,,,,,,False
1704904807817,2690,paid,2,La Center,98629,WA,"""Mozilla/5.0 (Macintosh; Intel Mac OS X 10_9_4) AppleWebKit/537.36 (KHTML, like Gecko) Chrome/36.0.1985.143 Safari/537.36""",-122.61918,45.876604,513,Thompson,Maddox,M,1704548482817,True
1704905854817,3054,paid,1,Florissant,63031,MO,"""Mozilla/5.0 (Macintosh; Intel Mac OS X 10_9_2) AppleWebKit/537.36 (KHTML, like Gecko) Chrome/36.0.1985.125 Safari/537.36""",-90.353928,38.813468,819,Morgan,Matthew,M,1704548482817,True
1704906430817,3100,free,3,Tuscola,61953,IL,"""Mozilla/5.0 (Macintosh; Intel Mac OS X 10_9_2) AppleWebKit/537.74.9 (KHTML, like Gecko) Version/7.0.2 Safari/537.74.9""",-88.291339,39.803409,589,Campbell,Nuriah,F,1704548482817,True
1704908215817,581,free,3,Clinton Township,48035,MI,"""Mozilla/5.0 (Macintosh; Intel Mac OS X 10_9_4) AppleWebKit/537.77.4 (KHTML, like Gecko) Version/7.0.5 Safari/537.77.4""",-82.907589,42.5566,582,Brady,Bryson,M,1704548482817,True
1704911290817,3117,free,1,Mission Viejo,92691,CA,"""Mozilla/5.0 (Macintosh; Intel Mac OS X 10_9_4) AppleWebKit/537.36 (KHTML, like Gecko) Chrome/35.0.1916.153 Safari/537.36""",-117.665867,33.611945,552,Walker,Angel,M,1704548482817,True
1704912942817,2736,free,4,Hurst,76054,TX,"""Mozilla/5.0 (Windows NT 6.3; WOW64) AppleWebKit/537.36 (KHTML, like Gecko) Chrome/36.0.1985.125 Safari/537.36""",-97.178636,32.85941,257,Peterson,Harrison,M,1704548482817,True
1704919907817,2782,free,4,Pittsburg,94565,CA,Mozilla/5.0 (Windows NT 6.1; WOW64; rv:31.0) Gecko/20100101 Firefox/31.0,-121.906255,38.014576,918,Davis,Davie,M,1704548482817,True
1704923407817,2443,paid,1,Studio City,91604,CA,"""Mozilla/5.0 (Macintosh; Intel Mac OS X 10_9_4) AppleWebKit/537.36 (KHTML, like Gecko) Chrome/36.0.1985.143 Safari/537.36""",-118.39275,34.139082,,,,,,False
1704923918817,3087,paid,1,Chicago,60646,IL,"""Mozilla/5.0 (Windows NT 6.1; WOW64) AppleWebKit/537.36 (KHTML, like Gecko) Chrome/37.0.2062.103 Safari/537.36""",-87.759627,41.993019,890,Watson,Julia,F,1704548482817,True
1704926235817,3151,paid,2,Little Rock,72202,AR,"""Mozilla/5.0 (Windows NT 6.1) AppleWebKit/537.36 (KHTML, like Gecko) Chrome/36.0.1985.125 Safari/537.36""",-92.233147,34.730509,596,Charles,Sierra,F,1704548482817,True
1704931058817,1180,free,5,Hauppauge,11788,NY,"""Mozilla/5.0 (Macintosh; Intel Mac OS X 10_9_4) AppleWebKit/537.78.2 (KHTML, like Gecko) Version/7.0.6 Safari/537.78.2""",-73.213084,40.818075,932,Oneill,Alexandra,F,1704548482817,True
1704933152817,2620,free,8,Torrance,90501,CA,"""Mozilla/5.0 (X11; Linux x86_64) AppleWebKit/537.36 (KHTML, like Gecko) Chrome/36.0.1985.143 Safari/537.36""",-118.314022,33.833744,764,Lewis,Myah,F,1704548482817,True
1704939456817,1613,free,5,Osseo,54758,WI,Mozilla/5.0 (Macintosh; Intel Mac OS X 10.6; rv:31.0) Gecko/20100101 Firefox/31.0,-91.216523,44.557943,259,Jones,Daniel,M,1704548482817,True
1704943038817,476,free,1,Campbell,63933,MO,"""Mozilla/5.0 (Macintosh; Intel Mac OS X 10_7_5) AppleWebKit/537.78.2 (KHTML, like Gecko) Version/6.1.6 Safari/537.78.2""",-90.106956,36.528179,,,,,,False
1704944697817,476,free,5,Campbell,63933,MO,"""Mozilla/5.0 (Macintosh; Intel Mac OS X 10_7_5) AppleWebKit/537.78.2 (KHTML, like Gecko) Version/6.1.6 Safari/537.78.2""",-90.106956,36.528179,477,Bennett,Liam,M,1704548482817,True
1704945813817,1196,free,2,Batesville,38606,MS,"""Mozilla/5.0 (Windows NT 6.1; WOW64) AppleWebKit/537.36 (KHTML, like Gecko) Chrome/36.0.1985.125 Safari/537.36""",-89.952316,34.303262,980,Schmitt,Oliver,M,1704548482817,True
1704947335817,2624,paid,2,Noblesville,46062,IN,"""Mozilla/5.0 (Macintosh; Intel Mac OS X 10_8_5) AppleWebKit/537.36 (KHTML, like Gecko) Chrome/36.0.1985.143 Safari/537.36""",-86.056039,40.061266,91,Fitzpatrick,Keigen,M,1704548482817,True
1704949515817,2858,free,1,Potomac,20854,MD,"""Mozilla/5.0 (Macintosh; Intel Mac OS X 10_9_4) AppleWebKit/537.77.4 (KHTML, like Gecko) Version/7.0.5 Safari/537.77.4""",-77.222312,39.032995,981,Brown,Jaylee,F,1704548482817,True
1704958247817,3317,free,3,Colorado Springs,80906,CO,"""Mozilla/5.0 (Windows NT 6.1; WOW64) AppleWebKit/537.36 (KHTML, like Gecko) Chrome/36.0.1985.125 Safari/537.36""",-104.878195,38.752622,421,Freeman,Zamarion,M,1704548482817,True
1704959991817,2783,paid,2,Nashville,37203,TN,Mozilla/5.0 (X11; Linux x86_64; rv:31.0) Gecko/20100101 Firefox/31.0,-86.790618,36.149614,136,Hansen,Dane,M,1704548482817,True
1704962843817,349,free,7,Milwaukee,53209,WI,Mozilla/5.0 (Windows NT 6.1; WOW64; rv:31.0) Gecko/20100101 Firefox/31.0,-87.949473,43.12778,,,,,,False
1704964017817,2326,free,8,New Iberia,70563,LA,"""Mozilla/5.0 (iPhone; CPU iPhone OS 7_1_1 like Mac OS X) AppleWebKit/537.51.2 (KHTML, like Gecko) Version/7.0 Mobile/11D201 Safari/9537.53""",-91.710041,30.01663,939,Galloway,Noah,M,1704548482817,True
1704972720817,2521,free,4,Eastlake,44095,OH,"""Mozilla/5.0 (Macintosh; Intel Mac OS X 10_9_4) AppleWebKit/537.36 (KHTML, like Gecko) Chrome/36.0.1985.143 Safari/537.36""",-81.441721,41.652326,49,Rodriguez,Briley,F,1704548482817,True
1704972763817,953,free,3,Calais,4619,ME,"""Mozilla/5.0 (Macintosh; Intel Mac OS X 10_9_4) AppleWebKit/537.77.4 (KHTML, like Gecko) Version/7.0.5 Safari/537.77.4""",-67.239189,45.150327,954,Bryant,Mckenzie,F,1704548482817,True
1704976525817,2771,free,13,Mableton,30126,GA,Mozilla/5.0 (Windows NT 6.3; WOW64; rv:31.0) Gecko/20100101 Firefox/31.0,-84.553831,33.815025,,,,,,False
1704976526817,2771,free,14,Mableton,30126,GA,Mozilla/5.0 (Windows NT 6.3; WOW64; rv:31.0) Gecko/20100101 Firefox/31.0,-84.553831,33.815025,,,,,,False
1704976528817,2771,free,15,Mableton,30126,GA,Mozilla/5.0 (Windows NT 6.3; WOW64; rv:31.0) Gecko/20100101 Firefox/31.0,-84.553831,33.815025,393,Burns,Isaias,M,1704548482817,True
1704977904817,3088,paid,2,Alexandria,22309,VA,"""Mozilla/5.0 (Windows NT 6.1; WOW64) AppleWebKit/537.36 (KHTML, like Gecko) Chrome/37.0.2062.103 Safari/537.36""",-77.106668,38.720527,521,Stevens,Joshua,M,1704548482817,True
1704979667817,2376,free,5,Miami,33162,FL,Mozilla/5.0 (Windows NT 5.1; rv:31.0) Gecko/20100101 Firefox/31.0,-80.177175,25.927997,,,,,,False
1704980763817,3377,free,5,Olympia,98513,WA,"""Mozilla/5.0 (Macintosh; Intel Mac OS X 10_9_4) AppleWebKit/537.36 (KHTML, like Gecko) Chrome/36.0.1985.143 Safari/537.36""",-122.733942,46.97703,525,Nelson,Ashton,M,1704548482817,True
1704980998817,1519,free,1,Lynwood,90262,CA,"""Mozilla/5.0 (X11; Linux x86_64) AppleWebKit/537.36 (KHTML, like Gecko) Chrome/36.0.1985.143 Safari/537.36""",-118.200705,33.923533,740,Gonzalez,Martavius,M,1704548482817,True
1704982689817,3210,paid,1,Bentleyville,15314,PA,"""Mozilla/5.0 (Macintosh; Intel Mac OS X 10_9_4) AppleWebKit/537.78.2 (KHTML, like Gecko) Version/7.0.6 Safari/537.78.2""",-80.016809,40.146306,691,Davis,Aniyah,F,1704548482817,True
1704983022817,2896,free,2,New Orleans,70123,LA,"""Mozilla/5.0 (X11; Linux x86_64) AppleWebKit/537.36 (KHTML, like Gecko) Chrome/35.0.1916.153 Safari/537.36""",-90.205801,29.949674,273,Patterson,Aleah,F,1704548482817,True
1704983023817,2896,free,3,New Orleans,70123,LA,"""Mozilla/5.0 (X11; Linux x86_64) AppleWebKit/537.36 (KHTML, like Gecko) Chrome/35.0.1916.153 Safari/537.36""",-90.205801,29.949674,273,Patterson,Aleah,F,1704548482817,True
1704983248817,2896,free,9,New Orleans,70123,LA,"""Mozilla/5.0 (X11; Linux x86_64) AppleWebKit/537.36 (KHTML, like Gecko) Chrome/35.0.1916.153 Safari/537.36""",-90.205801,29.949674,273,Patterson,Aleah,F,1704548482817,True
1704987074817,2535,free,8,Seattle,98107,WA,"""Mozilla/5.0 (Macintosh; Intel Mac OS X 10_9_4) AppleWebKit/537.36 (KHTML, like Gecko) Chrome/36.0.1985.143 Safari/537.36""",-122.377551,47.667527,923,Shea,Oscar,M,1704548482817,True
1704987206817,3411,paid,14,Nashville,37203,TN,Mozilla/5.0 (X11; Linux x86_64; rv:31.0) Gecko/20100101 Firefox/31.0,-86.790618,36.149614,136,Hansen,Dane,M,1704548482817,True
1704987711817,3409,free,10,Cary,27519,NC,"""Mozilla/5.0 (Windows NT 6.1; WOW64) AppleWebKit/537.36 (KHTML, like Gecko) Chrome/36.0.1985.143 Safari/537.36""",-78.884126,35.809584,,,,,,False
1704987861817,3409,free,13,Cary,27519,NC,"""Mozilla/5.0 (Windows NT 6.1; WOW64) AppleWebKit/537.36 (KHTML, like Gecko) Chrome/36.0.1985.143 Safari/537.36""",-78.884126,35.809584,749,Nguyen,Dylan,M,1704548482817,True
1704988004817,1344,free,2,Chicago,60612,IL,"""Mozilla/5.0 (Windows NT 6.1; WOW64) AppleWebKit/537.36 (KHTML, like Gecko) Chrome/36.0.1985.125 Safari/537.36""",-87.687749,41.88032,28,Mendez,Jackson,M,1704548482817,True
1704989273817,3413,paid,1,Oklahoma City,73160,OK,"""Mozilla/5.0 (Windows NT 6.3; WOW64) AppleWebKit/537.36 (KHTML, like Gecko) Chrome/36.0.1985.125 Safari/537.36""",-97.475217,35.332438,637,Palmer,Cali,F,1704548482817,True
1704990192817,3179,paid,3,Somerset,15501,PA,Mozilla/5.0 (Macintosh; Intel Mac OS X 10.9; rv:31.0) Gecko/20100101 Firefox/31.0,-79.12982,40.039742,951,Lowery,Madeline,F,1704548482817,True
1704991926817,3093,paid,2,Alhambra,91803,CA,"""Mozilla/5.0 (Macintosh; Intel Mac OS X 10_9_4) AppleWebKit/537.78.2 (KHTML, like Gecko) Version/7.0.6 Safari/537.78.2""",-118.145959,34.074736,848,Cruz,William,M,1704548482817,True
1704993137817,1122,paid,5,Cooperstown,58425,ND,Mozilla/5.0 (Windows NT 6.2; WOW64; rv:31.0) Gecko/20100101 Firefox/31.0,-98.1247,47.45637,455,Hansen,Payton,M,1704548482817,True
1704996666817,2742,paid,1,Houston,77051,TX,"""Mozilla/5.0 (Windows NT 6.1; WOW64) AppleWebKit/537.36 (KHTML, like Gecko) Chrome/36.0.1985.125 Safari/537.36""",-95.378696,29.656113,809,Moon,Clarence,M,1704548482817,True
1704998707817,3510,free,5,Corvallis,97330,OR,Mozilla/5.0 (Macintosh; Intel Mac OS X 10.9; rv:30.0) Gecko/20100101 Firefox/30.0,-123.256266,44.642489,398,West,Kayla,F,1704548482817,True
1704999663817,3281,free,4,Traphill,28685,NC,"""Mozilla/5.0 (Macintosh; Intel Mac OS X 10_9_4) AppleWebKit/537.36 (KHTML, like Gecko) Chrome/35.0.1916.153 Safari/537.36""",-81.059832,36.360792000000004,964,Fernandez,Kyle,M,1704548482817,True
1705000927817,3470,free,7,Kingsland,31548,GA,"""Mozilla/5.0 (Macintosh; Intel Mac OS X 10_8_5) AppleWebKit/537.77.4 (KHTML, like Gecko) Version/6.1.5 Safari/537.77.4""",-81.697298,30.795637,788,Jordan,Markella,F,1704548482817,True
1705001497817,1122,paid,37,Cooperstown,58425,ND,Mozilla/5.0 (Windows NT 6.2; WOW64; rv:31.0) Gecko/20100101 Firefox/31.0,-98.1247,47.45637,455,Hansen,Payton,M,1704548482817,True
1705004060817,3330,paid,11,Issaquah,98029,WA,"""Mozilla/5.0 (Windows NT 6.1; WOW64) AppleWebKit/537.36 (KHTML, like Gecko) Chrome/36.0.1985.143 Safari/537.36""",-122.007748,47.557085,344,Ho,Isabella,F,1704548482817,True
1705005883817,2765,free,4,Staten Island,10309,NY,"""Mozilla/5.0 (Windows NT 6.1) AppleWebKit/537.36 (KHTML, like Gecko) Chrome/36.0.1985.125 Safari/537.36""",-74.220971,40.531515,590,Sellers,Rhett,M,1704548482817,True
1705011264817,708,free,2,Chalfont,18914,PA,"""Mozilla/5.0 (Macintosh; Intel Mac OS X 10_9_4) AppleWebKit/537.77.4 (KHTML, like Gecko) Version/7.0.5 Safari/537.77.4""",-75.209814,40.288824,709,Bentley,Janyla,F,1704548482817,True
1705021825817,3530,paid,53,Goose Creek,29445,SC,"""Mozilla/5.0 (X11; Linux x86_64) AppleWebKit/537.36 (KHTML, like Gecko) Chrome/37.0.2062.94 Safari/537.36""",-79.967298,32.999295,453,Barron,Tyler,M,1704548482817,True
1705029094817,3633,paid,5,Florissant,63031,MO,"""Mozilla/5.0 (Macintosh; Intel Mac OS X 10_9_2) AppleWebKit/537.36 (KHTML, like Gecko) Chrome/36.0.1985.125 Safari/537.36""",-90.353928,38.813468,819,Morgan,Matthew,M,1704548482817,True
1705029602817,3224,free,1,Miami,33161,FL,"""Mozilla/5.0 (iPad; CPU OS 7_1_2 like Mac OS X) AppleWebKit/537.51.2 (KHTML, like Gecko) Version/7.0 Mobile/11D257 Safari/9537.53""",-80.181539,25.893664,213,Sutton,Nikolas,M,1704548482817,True
1705031414817,528,paid,1,San Gabriel,91776,CA,"""Mozilla/5.0 (Macintosh; Intel Mac OS X 10_9_4) AppleWebKit/537.78.2 (KHTML, like Gecko) Version/7.0.6 Safari/537.78.2""",-118.095091,34.090776,529,Reid,Xzavier,M,1704548482817,True
1705038503817,3598,free,7,Staten Island,10309,NY,"""Mozilla/5.0 (Windows NT 6.1) AppleWebKit/537.36 (KHTML, like Gecko) Chrome/36.0.1985.125 Safari/537.36""",-74.220971,40.531515,590,Sellers,Rhett,M,1704548482817,True
1705040876817,3098,free,2,Pflugerville,78660,TX,"""Mozilla/5.0 (Windows NT 6.3; WOW64) AppleWebKit/537.36 (KHTML, like Gecko) Chrome/36.0.1985.143 Safari/537.36""",-97.59458,30.438534,164,Hall,Ava,F,1704548482817,True
1705041278817,2754,paid,2,Wautoma,54982,WI,"""Mozilla/5.0 (Windows NT 6.3; WOW64) AppleWebKit/537.36 (KHTML, like Gecko) Chrome/36.0.1985.125 Safari/537.36""",-89.290882,44.072748,228,Cooper,Savannah,F,1704548482817,True
1705048392817,41,free,4,Colorado Springs,80906,CO,Mozilla/5.0 (Macintosh; Intel Mac OS X 10.9; rv:31.0) Gecko/20100101 Firefox/31.0,-104.878195,38.752622,42,Alexander,Alli,F,1704548482817,True
1705050323817,2485,free,4,Flagstaff,86001,AZ,Mozilla/5.0 (Windows NT 6.1; rv:31.0) Gecko/20100101 Firefox/31.0,-111.639303,35.287661,,,,,,False
1705050324817,2485,free,5,Flagstaff,86001,AZ,Mozilla/5.0 (Windows NT 6.1; rv:31.0) Gecko/20100101 Firefox/31.0,-111.639303,35.287661,,,,,,False
1705050602817,2485,free,6,Flagstaff,86001,AZ,Mozilla/5.0 (Windows NT 6.1; rv:31.0) Gecko/20100101 Firefox/31.0,-111.639303,35.287661,153,Carter,Deysi,F,1704548482817,True
1705058643817,2568,paid,60,Kalamazoo,49007,MI,"""Mozilla/5.0 (Macintosh; Intel Mac OS X 10_9_4) AppleWebKit/537.78.2 (KHTML, like Gecko) Version/7.0.6 Safari/537.78.2""",-85.588193,42.302591,520,Martin,Olivia,F,1704548482817,True
1705059498817,3661,free,7,Fresno,93720,CA,"""Mozilla/5.0 (Macintosh; Intel Mac OS X 10_9_4) AppleWebKit/537.36 (KHTML, like Gecko) Chrome/36.0.1985.125 Safari/537.36""",-119.760793,36.862209,445,Woodward,Kennedi,F,1704548482817,True
1705060865817,2996,paid,2,Blacksburg,24060,VA,"""Mozilla/5.0 (Windows NT 6.1; WOW64) AppleWebKit/537.36 (KHTML, like Gecko) Chrome/36.0.1985.143 Safari/537.36""",-80.421951,37.256076,457,Moran,Jazmin,F,1704548482817,True
1705064288817,3066,paid,1,Walnut Creek,94596,CA,Mozilla/5.0 (Macintosh; Intel Mac OS X 10.9; rv:31.0) Gecko/20100101 Firefox/31.0,-122.03756,37.889079,,,,,,False
1705066466817,1698,paid,33,San Antonio,78223,TX,"""Mozilla/5.0 (iPhone; CPU iPhone OS 7_1_2 like Mac OS X) AppleWebKit/537.51.2 (KHTML, like Gecko) Version/7.0 Mobile/11D257 Safari/9537.53""",-98.390911,29.311912,93,Barker,Allyson,F,1704548482817,True
1705066822817,3353,paid,10,Smithfield,2917,RI,Mozilla/5.0 (Windows NT 6.1; WOW64; rv:31.0) Gecko/20100101 Firefox/31.0,-71.523305,41.905774,348,Palmer,Zani,M,1704548482817,True
1705067293817,2111,paid,2,San Carlos,94070,CA,"""Mozilla/5.0 (Macintosh; Intel Mac OS X 10_10_0) AppleWebKit/537.36 (KHTML, like Gecko) Chrome/36.0.1985.125 Safari/537.36""",-122.272556,37.496461,25,Johnson,Bradley,M,1704548482817,True
1705067462817,1514,free,6,Montclair,91763,CA,"""Mozilla/5.0 (Windows NT 6.1; WOW64) AppleWebKit/537.36 (KHTML, like Gecko) Chrome/37.0.2062.94 Safari/537.36""",-117.698315,34.072329,173,Moody,Ella,F,1704548482817,True
1705068106817,2055,paid,63,Chicago,60609,IL,"""Mozilla/5.0 (Macintosh; Intel Mac OS X 10_9_4) AppleWebKit/537.36 (KHTML, like Gecko) Chrome/36.0.1985.143 Safari/537.36""",-87.656935,41.81268,199,Luna,Brayleigh,F,1704548482817,True
1705068133817,1,free,2,Macon,31204,GA,"""Mozilla/5.0 (iPhone; CPU iPhone OS 7_1 like Mac OS X) AppleWebKit/537.51.2 (KHTML, like Gecko) Version/7.0 Mobile/11D167 Safari/9537.53""",-83.674775,32.848513,2,Benjamin,Jizelle,F,1704548482817,True
1705068215817,3594,free,5,Brooklyn,11214,NY,Mozilla/5.0 (Windows NT 6.3; WOW64; Trident/7.0; rv:11.0) like Gecko,-73.99609,40.599148,636,Graham,Ambree,F,1704548482817,True
1705068841817,1452,free,1,Fort Worth,76108,TX,"""Mozilla/5.0 (Windows NT 6.3; WOW64) AppleWebKit/537.36 (KHTML, like Gecko) Chrome/36.0.1985.143 Safari/537.36""",-97.523856,32.787009,256,Roberts,Raevyn,F,1704548482817,True
1705069484817,3675,paid,2,South Glastonbury,6073,CT,"""Mozilla/5.0 (Windows NT 6.1) AppleWebKit/537.36 (KHTML, like Gecko) Chrome/36.0.1985.143 Safari/537.36""",-72.55504,41.664442,,,,,,False
1705074866817,3131,free,7,Burlington,8016,NJ,"""Mozilla/5.0 (Windows NT 5.1) AppleWebKit/537.36 (KHTML, like Gecko) Chrome/36.0.1985.143 Safari/537.36""",-74.824196,40.069522,650,Owens,Angel,M,1704548482817,True
1705074892817,3558,paid,2,La Fayette,30728,GA,"""Mozilla/5.0 (Macintosh; Intel Mac OS X 10_9_4) AppleWebKit/537.77.4 (KHTML, like Gecko) Version/7.0.5 Safari/537.77.4""",-85.22579,34.684875,949,Jackson,Ryder,M,1704548482817,True
1705075038817,3859,free,5,Henderson,89014,NV,"""Mozilla/5.0 (Macintosh; Intel Mac OS X 10_8_5) AppleWebKit/537.36 (KHTML, like Gecko) Chrome/36.0.1985.125 Safari/537.36""",-115.058058,36.061711,593,Roman,Maxim,M,1704548482817,True
1705075744817,3471,free,5,Lancaster,93536,CA,"""Mozilla/5.0 (Windows NT 6.1) AppleWebKit/537.36 (KHTML, like Gecko) Chrome/36.0.1985.125 Safari/537.36""",-118.369249,34.74739,435,Landry,Adrian,M,1704548482817,True
1705076050817,2706,paid,1,Marion,72364,AR,"""Mozilla/5.0 (Windows NT 6.2; WOW64) AppleWebKit/537.36 (KHTML, like Gecko) Chrome/36.0.1985.143 Safari/537.36""",-90.189224,35.217536,218,Allen,Isabella,F,1704548482817,True
1705076660817,819,free,1,Houston,77032,TX,Mozilla/5.0 (X11; Linux x86_64; rv:31.0) Gecko/20100101 Firefox/31.0,-95.353412,29.987805,,,,,,False
1705077081817,3656,free,4,Gastonia,28052,NC,Mozilla/5.0 (Windows NT 6.2; WOW64; rv:31.0) Gecko/20100101 Firefox/31.0,-81.233227,35.214656,89,Jordan,Paige,F,1704548482817,True
1705082054817,3547,paid,1,Livonia,48154,MI,"""Mozilla/5.0 (Macintosh; Intel Mac OS X 10_9_4) AppleWebKit/537.36 (KHTML, like Gecko) Chrome/36.0.1985.143 Safari/537.36""",-83.372319,42.397183,,,,,,False
1705082722817,3239,paid,8,Flanders,7836,NJ,"""Mozilla/5.0 (Windows NT 6.1; WOW64) AppleWebKit/537.36 (KHTML, like Gecko) Chrome/37.0.2062.102 Safari/537.36""",-74.710722,40.843103,524,Wiley,Shylah,F,1704548482817,True
1705083778817,2871,free,8,Newcomerstown,43832,OH,"""Mozilla/5.0 (Macintosh; Intel Mac OS X 10_9_4) AppleWebKit/537.36 (KHTML, like Gecko) Chrome/36.0.1985.143 Safari/537.36""",-81.585062,40.275813,558,Neal,Christian,M,1704548482817,True
1705087563817,3306,paid,12,Snoqualmie,98065,WA,Mozilla/5.0 (Windows NT 5.1; rv:31.0) Gecko/20100101 Firefox/31.0,-121.791951,47.584223,826,Smith,Ammar,M,1704548482817,True
1705088264817,3414,free,6,Pardeeville,53954,WI,Mozilla/5.0 (Windows NT 6.1; rv:31.0) Gecko/20100101 Firefox/31.0,-89.313888,43.551488,950,Foster,Atticus,M,1704548482817,True
1705092328817,3793,paid,85,Blacksburg,24060,VA,"""Mozilla/5.0 (Windows NT 6.1; WOW64) AppleWebKit/537.36 (KHTML, like Gecko) Chrome/36.0.1985.143 Safari/537.36""",-80.421951,37.256076,457,Moran,Jazmin,F,1704548482817,True
1705093199817,3749,free,2,Memphis,38135,TN,"""Mozilla/5.0 (Macintosh; Intel Mac OS X 10_9_4) AppleWebKit/537.36 (KHTML, like Gecko) Chrome/36.0.1985.143 Safari/537.36""",-89.848559,35.238925,103,Hill,Hailey,F,1704548482817,True
1705093461817,3626,paid,1,Issaquah,98029,WA,"""Mozilla/5.0 (Windows NT 6.1; WOW64) AppleWebKit/537.36 (KHTML, like Gecko) Chrome/36.0.1985.143 Safari/537.36""",-122.007748,47.557085,344,Ho,Isabella,F,1704548482817,True
1705096095817,3786,paid,2,Walnut Creek,94596,CA,Mozilla/5.0 (Macintosh; Intel Mac OS X 10.9; rv:31.0) Gecko/20100101 Firefox/31.0,-122.03756,37.889079,9,Torres,Alana,F,1704548482817,True
1705100068817,3370,free,2,Ballwin,63021,MO,"""Mozilla/5.0 (Macintosh; Intel Mac OS X 10_9_4) AppleWebKit/537.78.2 (KHTML, like Gecko) Version/7.0.6 Safari/537.78.2""",-90.545689,38.56984,409,Ortega,Leah,F,1704548482817,True
1705114319817,3223,free,4,Braymer,64624,MO,"""Mozilla/5.0 (Windows NT 6.1; WOW64) AppleWebKit/537.36 (KHTML, like Gecko) Chrome/37.0.2062.103 Safari/537.36""",-93.784471,39.562364,7,Gray,Wyatt,M,1704548482817,True
1705145835817,3277,paid,1,Perris,92571,CA,"""Mozilla/5.0 (Windows NT 6.1; WOW64) AppleWebKit/537.36 (KHTML, like Gecko) Chrome/36.0.1985.143 Safari/537.36""",-117.205481,33.82931,760,Mullins,Monica,F,1704548482817,True
1705147075817,1560,free,3,Ellenwood,30294,GA,"""Mozilla/5.0 (Macintosh; Intel Mac OS X 10_9_4) AppleWebKit/537.78.2 (KHTML, like Gecko) Version/7.0.6 Safari/537.78.2""",-84.267148,33.639853,862,Neal,Lauren,F,1704548482817,True
1705155707817,3160,paid,1,Elk Grove Village,60007,IL,Mozilla/5.0 (Windows NT 6.0; rv:31.0) Gecko/20100101 Firefox/31.0,-87.99736,42.00865,355,Scott,Cecilia,F,1704548482817,True
1705159886817,4008,free,6,Saint Louis,63135,MO,"""Mozilla/5.0 (Macintosh; Intel Mac OS X 10_10_0) AppleWebKit/537.36 (KHTML, like Gecko) Chrome/36.0.1985.143 Safari/537.36""",-90.298718,38.749681,320,Charles,Apollo,M,1704548482817,True
1705161881817,4116,paid,1,Inglewood,90305,CA,"""Mozilla/5.0 (Windows NT 6.3; WOW64) AppleWebKit/537.36 (KHTML, like Gecko) Chrome/36.0.1985.143 Safari/537.36""",-118.330548,33.95889,858,Colon,Rhys,M,1704548482817,True
1705164253817,4060,paid,9,Valencia,91354,CA,Mozilla/5.0 (Windows NT 6.1; WOW64; rv:31.0) Gecko/20100101 Firefox/31.0,-118.553789,34.465755,867,Mullen,Michael,M,1704548482817,True
1705168239817,4033,paid,16,Killeen,76549,TX,Mozilla/5.0 (X11; Ubuntu; Linux x86_64; rv:31.0) Gecko/20100101 Firefox/31.0,-97.833092,31.017077,937,Fisher,Nathaniel,M,1704548482817,True
1705169342817,1349,paid,34,Weston,33327,FL,"""Mozilla/5.0 (Macintosh; Intel Mac OS X 10_9_4) AppleWebKit/537.77.4 (KHTML, like Gecko) Version/7.0.5 Safari/537.77.4""",-80.422825,26.111079,930,Carrillo,Samuel,M,1704548482817,True
1705170701817,4123,free,1,Garland,75044,TX,Mozilla/5.0 (Windows NT 6.0; rv:31.0) Gecko/20100101 Firefox/31.0,-96.649686,32.964607,955,Woods,Daniel,M,1704548482817,True
1705182274817,3443,free,1,Miami,33162,FL,Mozilla/5.0 (Windows NT 5.1; rv:31.0) Gecko/20100101 Firefox/31.0,-80.177175,25.927997,898,Grant,Amari,M,1704548482817,True
1705195028817,4046,paid,1,Brooklyn,11229,NY,"""Mozilla/5.0 (Macintosh; Intel Mac OS X 10_9_4) AppleWebKit/537.78.2 (KHTML, like Gecko) Version/7.0.6 Safari/537.78.2""",-73.944493,40.601293,312,Lopez,David,M,1704548482817,True
1705199021817,3825,free,7,Spring,77379,TX,"""Mozilla/5.0 (Windows NT 6.1; WOW64) AppleWebKit/537.36 (KHTML, like Gecko) Chrome/36.0.1985.143 Safari/537.36""",-95.528919,30.040876,318,Snyder,Aiden,M,1704548482817,True
1705202694817,1493,free,1,Sandia,78383,TX,"""Mozilla/5.0 (Macintosh; Intel Mac OS X 10_9_4) AppleWebKit/537.36 (KHTML, like Gecko) Chrome/36.0.1985.125 Safari/537.36""",-97.962915,28.093161,96,Howell,Ethan,M,1704548482817,True
1705208582817,4054,paid,1,Yakima,98908,WA,"""Mozilla/5.0 (Macintosh; Intel Mac OS X 10_9_3) AppleWebKit/537.36 (KHTML, like Gecko) Chrome/36.0.1985.125 Safari/537.36""",-120.724113,46.615206,480,Curry,Emmanuel,M,1704548482817,True
1705211646817,3901,free,5,Pittsford,49271,MI,"""Mozilla/5.0 (Windows NT 6.2; WOW64) AppleWebKit/537.36 (KHTML, like Gecko) Chrome/36.0.1985.143 Safari/537.36""",-84.453091,41.831987,71,Zhang,Blake,M,1704548482817,True
1705237471817,4096,free,5,Odell,60460,IL,"""Mozilla/5.0 (X11; Linux x86_64) AppleWebKit/537.36 (KHTML, like Gecko) Chrome/36.0.1985.125 Safari/537.36""",-88.536714,40.998479,546,Coleman,Aydin,M,1704548482817,True
1705240101817,3965,free,4,Newcomerstown,43832,OH,"""Mozilla/5.0 (Macintosh; Intel Mac OS X 10_9_4) AppleWebKit/537.36 (KHTML, like Gecko) Chrome/36.0.1985.143 Safari/537.36""",-81.585062,40.275813,558,Neal,Christian,M,1704548482817,True
1705246519817,3838,paid,2,South Glastonbury,6073,CT,"""Mozilla/5.0 (Windows NT 6.1) AppleWebKit/537.36 (KHTML, like Gecko) Chrome/36.0.1985.143 Safari/537.36""",-72.55504,41.664442,928,Lewis,Kevin,M,1704548482817,True
1705250090817,918,free,2,Carlsbad,92008,CA,"""Mozilla/5.0 (Macintosh; Intel Mac OS X 10_9_4) AppleWebKit/537.78.2 (KHTML, like Gecko) Version/7.0.6 Safari/537.78.2""",-117.319439,33.144219,919,Buck,Kaitlynn,F,1704548482817,True
1705257288817,776,paid,1,Roxboro,27574,NC,"""Mozilla/5.0 (Windows NT 6.3; WOW64) AppleWebKit/537.36 (KHTML, like Gecko) Chrome/36.0.1985.143 Safari/537.36""",-78.864865,36.478358,777,Campbell,Annika,F,1704548482817,True
1705258770817,3948,paid,1,Livonia,48154,MI,"""Mozilla/5.0 (Macintosh; Intel Mac OS X 10_9_4) AppleWebKit/537.36 (KHTML, like Gecko) Chrome/36.0.1985.143 Safari/537.36""",-83.372319,42.397183,98,Harrell,Kate,F,1704548482817,True
1705258795817,4219,free,4,Massillon,44646,OH,"""Mozilla/5.0 (Macintosh; Intel Mac OS X 10_9_4) AppleWebKit/537.36 (KHTML, like Gecko) Chrome/37.0.2062.94 Safari/537.36""",-81.497182,40.814381,181,Rowe,Salim,M,1704548482817,True
1705276384817,3814,free,2,Rudy,72952,AR,"""Mozilla/5.0 (Windows NT 6.1; WOW64) AppleWebKit/537.36 (KHTML, like Gecko) Chrome/37.0.2062.103 Safari/537.36""",-94.300414,35.568761,148,Snyder,Azaria,F,1704548482817,True
1705278610817,1680,paid,34,Himrod,14842,NY,Mozilla/5.0 (compatible; MSIE 10.0; Windows NT 6.1; WOW64; Trident/6.0),-76.981134,42.600505,54,Williams,Celeste,F,1704548482817,True
1705282093817,4297,paid,4,Houston,77039,TX,"""Mozilla/5.0 (Windows NT 6.1; WOW64) AppleWebKit/537.36 (KHTML, like Gecko) Chrome/36.0.1985.143 Safari/537.36""",-95.341182,29.911171,176,Brown,Paris,F,1704548482817,True
1705315746817,3291,paid,37,Detroit,48228,MI,"""Mozilla/5.0 (Macintosh; Intel Mac OS X 10_9_4) AppleWebKit/537.36 (KHTML, like Gecko) Chrome/36.0.1985.125 Safari/537.36""",-83.217014,42.355455,618,Thompson,Xavier,M,1704548482817,True
1705318402817,4285,free,2,Miami,33162,FL,Mozilla/5.0 (Windows NT 5.1; rv:31.0) Gecko/20100101 Firefox/31.0,-80.177175,25.927997,,,,,,False
1705318644817,140,free,1,Los Angeles,90002,CA,"""Mozilla/5.0 (Macintosh; Intel Mac OS X 10_9_3) AppleWebKit/537.75.14 (KHTML, like Gecko) Version/7.0.3 Safari/537.75.14""",-118.246737,33.949099,141,Lawrence,Shane,M,1704548482817,True
1705323603817,3894,free,6,Henderson,89014,NV,"""Mozilla/5.0 (Macintosh; Intel Mac OS X 10_8_5) AppleWebKit/537.36 (KHTML, like Gecko) Chrome/36.0.1985.125 Safari/537.36""",-115.058058,36.061711,593,Roman,Maxim,M,1704548482817,True
1705324249817,2972,paid,1,Middletown,45042,OH,"""Mozilla/5.0 (Macintosh; Intel Mac OS X 10_9_4) AppleWebKit/537.36 (KHTML, like Gecko) Chrome/37.0.2062.94 Safari/537.36""",-84.420158,39.556885,434,Lester,Jenna,F,1704548482817,True
1705325240817,4099,paid,1,Pardeeville,53954,WI,Mozilla/5.0 (Windows NT 6.1; rv:31.0) Gecko/20100101 Firefox/31.0,-89.313888,43.551488,950,Foster,Atticus,M,1704548482817,True
1705326095817,4118,paid,1,Tucson,85710,AZ,"""Mozilla/5.0 (Macintosh; Intel Mac OS X 10_9_4) AppleWebKit/537.36 (KHTML, like Gecko) Chrome/37.0.2062.94 Safari/537.36""",-110.823718,32.214133,,,,,,False
1705326096817,4118,paid,2,Tucson,85710,AZ,"""Mozilla/5.0 (Macintosh; Intel Mac OS X 10_9_4) AppleWebKit/537.36 (KHTML, like Gecko) Chrome/37.0.2062.94 Safari/537.36""",-110.823718,32.214133,,,,,,False
1705326101817,4118,paid,3,Tucson,85710,AZ,"""Mozilla/5.0 (Macintosh; Intel Mac OS X 10_9_4) AppleWebKit/537.36 (KHTML, like Gecko) Chrome/37.0.2062.94 Safari/537.36""",-110.823718,32.214133,472,Reyes,Tyrique,M,1704548482817,True
1705327345817,4175,free,10,Colorado Springs,80906,CO,Mozilla/5.0 (Macintosh; Intel Mac OS X 10.9; rv:31.0) Gecko/20100101 Firefox/31.0,-104.878195,38.752622,42,Alexander,Alli,F,1704548482817,True
1705327632817,899,free,1,Merritt Island,32953,FL,Mozilla/5.0 (X11; Ubuntu; Linux i686; rv:31.0) Gecko/20100101 Firefox/31.0,-80.702668,28.441687,900,Robinson,Gentry,M,1704548482817,True
1705328409817,4309,paid,6,Benwood,26031,WV,"""Mozilla/5.0 (Windows NT 6.1; WOW64) AppleWebKit/537.36 (KHTML, like Gecko) Chrome/36.0.1985.143 Safari/537.36""",-80.729265,40.009395,762,Oconnell,Emmalyn,F,1704548482817,True
1705329196817,4383,paid,1,Flanders,7836,NJ,"""Mozilla/5.0 (Windows NT 6.1; WOW64) AppleWebKit/537.36 (KHTML, like Gecko) Chrome/37.0.2062.102 Safari/537.36""",-74.710722,40.843103,524,Wiley,Shylah,F,1704548482817,True
1705334586817,3327,paid,3,Noblesville,46062,IN,"""Mozilla/5.0 (Macintosh; Intel Mac OS X 10_8_5) AppleWebKit/537.36 (KHTML, like Gecko) Chrome/36.0.1985.143 Safari/537.36""",-86.056039,40.061266,91,Fitzpatrick,Keigen,M,1704548482817,True
1705336372817,4314,paid,1,Colorado Springs,80906,CO,"""Mozilla/5.0 (Windows NT 6.1; WOW64) AppleWebKit/537.36 (KHTML, like Gecko) Chrome/36.0.1985.125 Safari/537.36""",-104.878195,38.752622,421,Freeman,Zamarion,M,1704548482817,True
1705339273817,4613,paid,1,York,17401,PA,"""Mozilla/5.0 (Windows NT 6.1; WOW64) AppleWebKit/537.36 (KHTML, like Gecko) Chrome/37.0.2062.103 Safari/537.36""",-76.733457,39.959462,,,,,,False
1705351086817,4248,paid,1,Kennewick,99336,WA,"""Mozilla/5.0 (Windows NT 6.1; WOW64) AppleWebKit/537.36 (KHTML, like Gecko) Chrome/36.0.1985.125 Safari/537.36""",-119.175728,46.21405,603,George,Cade,M,1704548482817,True
1705360791817,4248,paid,46,Kennewick,99336,WA,"""Mozilla/5.0 (Windows NT 6.1; WOW64) AppleWebKit/537.36 (KHTML, like Gecko) Chrome/36.0.1985.125 Safari/537.36""",-119.175728,46.21405,603,George,Cade,M,1704548482817,True
1705363083817,4248,paid,59,Kennewick,99336,WA,"""Mozilla/5.0 (Windows NT 6.1; WOW64) AppleWebKit/537.36 (KHTML, like Gecko) Chrome/36.0.1985.125 Safari/537.36""",-119.175728,46.21405,603,George,Cade,M,1704548482817,True
1705366061817,4248,paid,75,Kennewick,99336,WA,"""Mozilla/5.0 (Windows NT 6.1; WOW64) AppleWebKit/537.36 (KHTML, like Gecko) Chrome/36.0.1985.125 Safari/537.36""",-119.175728,46.21405,603,George,Cade,M,1704548482817,True
1705366729817,4155,paid,1,Valencia,91354,CA,Mozilla/5.0 (Windows NT 6.1; WOW64; rv:31.0) Gecko/20100101 Firefox/31.0,-118.553789,34.465755,867,Mullen,Michael,M,1704548482817,True
1705370592817,4425,paid,1,Oklahoma City,73160,OK,"""Mozilla/5.0 (Windows NT 6.3; WOW64) AppleWebKit/537.36 (KHTML, like Gecko) Chrome/36.0.1985.125 Safari/537.36""",-97.475217,35.332438,637,Palmer,Cali,F,1704548482817,True
1705380867817,3761,paid,37,Little Rock,72202,AR,"""Mozilla/5.0 (Windows NT 6.1) AppleWebKit/537.36 (KHTML, like Gecko) Chrome/36.0.1985.125 Safari/537.36""",-92.233147,34.730509,596,Charles,Sierra,F,1704548482817,True
1705380901817,4371,paid,1,La Center,98629,WA,"""Mozilla/5.0 (Macintosh; Intel Mac OS X 10_9_4) AppleWebKit/537.36 (KHTML, like Gecko) Chrome/36.0.1985.143 Safari/537.36""",-122.61918,45.876604,513,Thompson,Maddox,M,1704548482817,True
1705385933817,1846,free,7,Dayton,45406,OH,"""Mozilla/5.0 (Windows NT 6.3; WOW64) AppleWebKit/537.36 (KHTML, like Gecko) Chrome/36.0.1985.143 Safari/537.36""",-84.24108,39.784214,391,Summers,Selena,F,1704548482817,True
1705386095817,4109,paid,1,Walnut Creek,94596,CA,Mozilla/5.0 (Macintosh; Intel Mac OS X 10.9; rv:31.0) Gecko/20100101 Firefox/31.0,-122.03756,37.889079,9,Torres,Alana,F,1704548482817,True
1705390702817,3867,free,2,Glasgow,42141,KY,"""Mozilla/5.0 (Windows NT 6.2; WOW64) AppleWebKit/537.36 (KHTML, like Gecko) Chrome/36.0.1985.125 Safari/537.36""",-85.918331,36.947551,719,Johnson,Gabriel,M,1704548482817,True
1705402355817,4584,paid,1,Middletown,45042,OH,"""Mozilla/5.0 (Macintosh; Intel Mac OS X 10_9_4) AppleWebKit/537.36 (KHTML, like Gecko) Chrome/37.0.2062.94 Safari/537.36""",-84.420158,39.556885,434,Lester,Jenna,F,1704548482817,True
1705402801817,3912,free,1,Houston,77032,TX,Mozilla/5.0 (X11; Linux x86_64; rv:31.0) Gecko/20100101 Firefox/31.0,-95.353412,29.987805,820,Morales,Gabriella,F,1704548482817,True
1705404777817,1308,free,7,Johnstown,12095,NY,"""Mozilla/5.0 (Windows NT 6.3; WOW64) AppleWebKit/537.36 (KHTML, like Gecko) Chrome/36.0.1985.143 Safari/537.36""",-74.403815,43.024817,283,Simmons,Brayden,M,1704548482817,True
1705405332817,4469,paid,1,Inglewood,90305,CA,"""Mozilla/5.0 (Windows NT 6.3; WOW64) AppleWebKit/537.36 (KHTML, like Gecko) Chrome/36.0.1985.143 Safari/537.36""",-118.330548,33.95889,858,Colon,Rhys,M,1704548482817,True
1705406462817,4747,paid,2,Laredo,78046,TX,Mozilla/5.0 (Macintosh; Intel Mac OS X 10.6; rv:31.0) Gecko/20100101 Firefox/31.0,-99.350596,27.373543,553,Wheeler,Josephine,F,1704548482817,True
1705406948817,4184,free,3,Spring Valley,55975,MN,"""Mozilla/5.0 (Macintosh; Intel Mac OS X 10_9_4) AppleWebKit/537.36 (KHTML, like Gecko) Chrome/36.0.1985.143 Safari/537.36""",-92.364465,43.677871,216,Torres,Alexander,M,1704548482817,True
1705414702817,4308,free,7,Tucson,85705,AZ,"""Mozilla/5.0 (Macintosh; Intel Mac OS X 10_9_4) AppleWebKit/537.36 (KHTML, like Gecko) Chrome/37.0.2062.94 Safari/537.36""",-110.992051,32.271355,766,Kramer,Henry,M,1704548482817,True
1705415175817,4691,paid,1,Issaquah,98029,WA,"""Mozilla/5.0 (Windows NT 6.1; WOW64) AppleWebKit/537.36 (KHTML, like Gecko) Chrome/36.0.1985.143 Safari/537.36""",-122.007748,47.557085,344,Ho,Isabella,F,1704548482817,True
1705418120817,4761,paid,18,Pardeeville,53954,WI,Mozilla/5.0 (Windows NT 6.1; rv:31.0) Gecko/20100101 Firefox/31.0,-89.313888,43.551488,950,Foster,Atticus,M,1704548482817,True
1705418467817,4518,paid,19,Nashville,37203,TN,Mozilla/5.0 (X11; Linux x86_64; rv:31.0) Gecko/20100101 Firefox/31.0,-86.790618,36.149614,136,Hansen,Dane,M,1704548482817,True
1705418940817,4920,paid,1,Laredo,78046,TX,Mozilla/5.0 (Macintosh; Intel Mac OS X 10.6; rv:31.0) Gecko/20100101 Firefox/31.0,-99.350596,27.373543,553,Wheeler,Josephine,F,1704548482817,True
1705418972817,4666,paid,1,York,17401,PA,"""Mozilla/5.0 (Windows NT 6.1; WOW64) AppleWebKit/537.36 (KHTML, like Gecko) Chrome/37.0.2062.103 Safari/537.36""",-76.733457,39.959462,203,Ward,Malia,F,1704548482817,True
1705421386817,4666,paid,18,York,17401,PA,"""Mozilla/5.0 (Windows NT 6.1; WOW64) AppleWebKit/537.36 (KHTML, like Gecko) Chrome/37.0.2062.103 Safari/537.36""",-76.733457,39.959462,203,Ward,Malia,F,1704548482817,True
1705423188817,3947,free,10,Staten Island,10309,NY,"""Mozilla/5.0 (Windows NT 6.1) AppleWebKit/537.36 (KHTML, like Gecko) Chrome/36.0.1985.125 Safari/537.36""",-74.220971,40.531515,590,Sellers,Rhett,M,1704548482817,True
1705424034817,3714,paid,2,Davis,95616,CA,"""Mozilla/5.0 (Macintosh; Intel Mac OS X 10_10) AppleWebKit/538.46 (KHTML, like Gecko) Version/8.0 Safari/538.46""",-121.798469,38.55413,214,Krause,Olivia,F,1704548482817,True
1705424200817,4784,paid,48,Valencia,91354,CA,Mozilla/5.0 (Windows NT 6.1; WOW64; rv:31.0) Gecko/20100101 Firefox/31.0,-118.553789,34.465755,867,Mullen,Michael,M,1704548482817,True
1705428016817,5056,paid,9,Fresno,93720,CA,"""Mozilla/5.0 (Macintosh; Intel Mac OS X 10_9_4) AppleWebKit/537.36 (KHTML, like Gecko) Chrome/36.0.1985.125 Safari/537.36""",-119.760793,36.862209,,,,,,False
1705428231817,4353,paid,17,South Glastonbury,6073,CT,"""Mozilla/5.0 (Windows NT 6.1) AppleWebKit/537.36 (KHTML, like Gecko) Chrome/36.0.1985.143 Safari/537.36""",-72.55504,41.664442,928,Lewis,Kevin,M,1704548482817,True
1705434448817,4158,paid,6,Elk Grove Village,60007,IL,Mozilla/5.0 (Windows NT 6.0; rv:31.0) Gecko/20100101 Firefox/31.0,-87.99736,42.00865,355,Scott,Cecilia,F,1704548482817,True
1705435103817,4787,free,2,Salters,29590,SC,"""Mozilla/5.0 (Windows NT 6.1) AppleWebKit/537.36 (KHTML, like Gecko) Chrome/36.0.1985.143 Safari/537.36""",-79.848696,33.56892,62,Davis,Benjamin,M,1704548482817,True
1705439804817,5070,paid,9,York,17401,PA,"""Mozilla/5.0 (Windows NT 6.1; WOW64) AppleWebKit/537.36 (KHTML, like Gecko) Chrome/37.0.2062.103 Safari/537.36""",-76.733457,39.959462,203,Ward,Malia,F,1704548482817,True
1705442439817,5022,paid,1,Nashville,37203,TN,Mozilla/5.0 (X11; Linux x86_64; rv:31.0) Gecko/20100101 Firefox/31.0,-86.790618,36.149614,136,Hansen,Dane,M,1704548482817,True
1705444320817,4397,paid,2,Flemington,8822,NJ,"""Mozilla/5.0 (Macintosh; Intel Mac OS X 10_9_4) AppleWebKit/537.77.4 (KHTML, like Gecko) Version/7.0.5 Safari/537.77.4""",-74.865273,40.525122,347,Castro,Sophia,F,1704548482817,True
1705444567817,4397,paid,8,Flemington,8822,NJ,"""Mozilla/5.0 (Macintosh; Intel Mac OS X 10_9_4) AppleWebKit/537.77.4 (KHTML, like Gecko) Version/7.0.5 Safari/537.77.4""",-74.865273,40.525122,347,Castro,Sophia,F,1704548482817,True
1705445040817,5086,free,4,South Plainfield,7080,NJ,Mozilla/5.0 (Windows NT 6.1; WOW64; Trident/7.0; rv:11.0) like Gecko,-74.4148,40.574413,,,,,,False
1705445041817,5086,free,5,South Plainfield,7080,NJ,Mozilla/5.0 (Windows NT 6.1; WOW64; Trident/7.0; rv:11.0) like Gecko,-74.4148,40.574413,,,,,,False
1705445219817,5086,free,6,South Plainfield,7080,NJ,Mozilla/5.0 (Windows NT 6.1; WOW64; Trident/7.0; rv:11.0) like Gecko,-74.4148,40.574413,278,Garza,Anna,F,1704548482817,True
1705445602817,4919,paid,16,Fontana,92337,CA,"""Mozilla/5.0 (Windows NT 6.1; WOW64) AppleWebKit/537.36 (KHTML, like Gecko) Chrome/36.0.1985.143 Safari/537.36""",-117.470612,34.04981,830,Shah,Connor,M,1704548482817,True
1705448917817,3362,free,2,Milwaukee,53209,WI,Mozilla/5.0 (Windows NT 6.1; WOW64; rv:31.0) Gecko/20100101 Firefox/31.0,-87.949473,43.12778,350,Miller,Chad,M,1704548482817,True
1705450194817,5130,free,2,Lancaster,93536,CA,"""Mozilla/5.0 (Windows NT 6.1) AppleWebKit/537.36 (KHTML, like Gecko) Chrome/36.0.1985.125 Safari/537.36""",-118.369249,34.74739,435,Landry,Adrian,M,1704548482817,True
1705452866817,1117,free,2,Conyers,30013,GA,"""Mozilla/5.0 (Windows NT 6.1; WOW64) AppleWebKit/537.36 (KHTML, like Gecko) Chrome/35.0.1916.153 Safari/537.36""",-83.971948,33.64502,,,,,,False
1705452867817,1117,free,3,Conyers,30013,GA,"""Mozilla/5.0 (Windows NT 6.1; WOW64) AppleWebKit/537.36 (KHTML, like Gecko) Chrome/35.0.1916.153 Safari/537.36""",-83.971948,33.64502,,,,,,False
1705453108817,1117,free,4,Conyers,30013,GA,"""Mozilla/5.0 (Windows NT 6.1; WOW64) AppleWebKit/537.36 (KHTML, like Gecko) Chrome/35.0.1916.153 Safari/537.36""",-83.971948,33.64502,905,Torres,Malachi,M,1704548482817,True
1705456499817,4270,free,8,Los Angeles,90016,CA,Mozilla/5.0 (X11; Linux x86_64; rv:31.0) Gecko/20100101 Firefox/31.0,-118.354338,34.028331,985,Oneill,Noah,M,1704548482817,True
1705463871817,3834,paid,52,San Francisco,94121,CA,"""Mozilla/5.0 (Windows NT 6.1; WOW64) AppleWebKit/537.36 (KHTML, like Gecko) Chrome/36.0.1985.143 Safari/537.36""",-122.494707,37.776769,174,Mcdowell,Mickayla,F,1704548482817,True
1705472895817,5165,free,2,Davison,48423,MI,"""Mozilla/5.0 (Windows NT 6.1; WOW64) AppleWebKit/537.36 (KHTML, like Gecko) Chrome/36.0.1985.125 Safari/537.36""",-83.51096,43.038705,624,Brown,Jameson,M,1704548482817,True
1705480579817,3612,paid,1,Owensboro,42301,KY,"""Mozilla/5.0 (Windows NT 6.3; WOW64) AppleWebKit/537.36 (KHTML, like Gecko) Chrome/36.0.1985.143 Safari/537.36""",-87.249397,37.735778,326,Vasquez,Athan,M,1704548482817,True
1705489581817,229,free,2,Auburn,95603,CA,"""Mozilla/5.0 (Macintosh; Intel Mac OS X 10_9_4) AppleWebKit/537.36 (KHTML, like Gecko) Chrome/36.0.1985.143 Safari/537.36""",-121.080284,38.915869,230,Wright,Hassan,M,1704548482817,True
1705493868817,1986,paid,1,Salem,29676,SC,"""Mozilla/5.0 (Windows NT 6.1; WOW64) AppleWebKit/537.36 (KHTML, like Gecko) Chrome/36.0.1985.125 Safari/537.36""",-82.982932,34.950234,441,Watson,Annabelle,F,1704548482817,True
1705501143817,5240,free,1,Sacramento,95831,CA,"""Mozilla/5.0 (Macintosh; Intel Mac OS X 10_8_5) AppleWebKit/537.77.4 (KHTML, like Gecko) Version/6.1.5 Safari/537.77.4""",-121.529447,38.494832,290,Garrett,Daxton,M,1704548482817,True
1705501495817,5300,free,1,Salisbury,1952,MA,"""Mozilla/5.0 (X11; Linux x86_64) AppleWebKit/537.36 (KHTML, like Gecko) Chrome/35.0.1916.153 Safari/537.36""",-70.841476,42.844793,382,Clark,Madden,M,1704548482817,True
1705501515817,4944,free,4,Campbell,63933,MO,"""Mozilla/5.0 (Macintosh; Intel Mac OS X 10_7_5) AppleWebKit/537.78.2 (KHTML, like Gecko) Version/6.1.6 Safari/537.78.2""",-90.106956,36.528179,477,Bennett,Liam,M,1704548482817,True
1705502315817,5232,free,1,Altadena,91001,CA,"""Mozilla/5.0 (Macintosh; Intel Mac OS X 10_9_4) AppleWebKit/537.36 (KHTML, like Gecko) Chrome/36.0.1985.125 Safari/537.36""",-118.137227,34.195275,17,Andrews,Jocelyn,F,1704548482817,True
1705503775817,4264,free,5,Castaic,91384,CA,"""Mozilla/5.0 (Windows NT 6.1; WOW64) AppleWebKit/537.36 (KHTML, like Gecko) Chrome/36.0.1985.125 Safari/537.36""",-118.699048,34.506627,971,Duncan,Byron,M,1704548482817,True
1705504995817,4564,free,4,Compton,90221,CA,"""Mozilla/5.0 (Macintosh; Intel Mac OS X 10_9_4) AppleWebKit/537.36 (KHTML, like Gecko) Chrome/37.0.2062.94 Safari/537.36""",-118.205918,33.885624,150,Williams,Logan,M,1704548482817,True
1705505412817,5338,free,6,Leesburg,34748,FL,"""Mozilla/5.0 (iPhone; CPU iPhone OS 7_1_2 like Mac OS X) AppleWebKit/537.51.2 (KHTML, like Gecko) Version/7.0 Mobile/11D257 Safari/9537.53""",-81.882169,28.766846,279,Wood,Masyn,F,1704548482817,True
1705505427817,5215,paid,8,Hanover Park,60133,IL,"""Mozilla/5.0 (Windows NT 6.3; WOW64) AppleWebKit/537.36 (KHTML, like Gecko) Chrome/36.0.1985.143 Safari/537.36""",-88.14259,41.977726,894,Arnold,Kierra,F,1704548482817,True
1705508554817,1739,paid,13,Kinston,36453,AL,"""Mozilla/5.0 (Windows NT 6.1; WOW64) AppleWebKit/537.36 (KHTML, like Gecko) Chrome/36.0.1985.125 Safari/537.36""",-86.149163,31.191678,243,Cook,Victor,M,1704548482817,True
1705508887817,5268,paid,23,Florissant,63031,MO,"""Mozilla/5.0 (Macintosh; Intel Mac OS X 10_9_2) AppleWebKit/537.36 (KHTML, like Gecko) Chrome/36.0.1985.125 Safari/537.36""",-90.353928,38.813468,819,Morgan,Matthew,M,1704548482817,True
1705509252817,5082,free,1,Midlothian,76065,TX,Mozilla/5.0 (Macintosh; Intel Mac OS X 10.9; rv:31.0) Gecko/20100101 Firefox/31.0,-96.99071,32.469267,,,,,,False
1705511956817,5268,paid,38,Florissant,63031,MO,"""Mozilla/5.0 (Macintosh; Intel Mac OS X 10_9_2) AppleWebKit/537.36 (KHTML, like Gecko) Chrome/36.0.1985.125 Safari/537.36""",-90.353928,38.813468,819,Morgan,Matthew,M,1704548482817,True
1705512689817,5276,free,1,Tremont,17981,PA,"""Mozilla/5.0 (Windows NT 6.3; WOW64) AppleWebKit/537.36 (KHTML, like Gecko) Chrome/36.0.1985.143 Safari/537.36""",-76.390115,40.634301,888,Hoffman,Abel,M,1704548482817,True
1705515138817,4965,paid,94,Issaquah,98029,WA,"""Mozilla/5.0 (Windows NT 6.1; WOW64) AppleWebKit/537.36 (KHTML, like Gecko) Chrome/36.0.1985.143 Safari/537.36""",-122.007748,47.557085,344,Ho,Isabella,F,1704548482817,True
1705520351817,5108,free,7,Salters,29590,SC,"""Mozilla/5.0 (Windows NT 6.1) AppleWebKit/537.36 (KHTML, like Gecko) Chrome/36.0.1985.143 Safari/537.36""",-79.848696,33.56892,62,Davis,Benjamin,M,1704548482817,True
1705521254817,4007,paid,14,Blacksburg,24060,VA,"""Mozilla/5.0 (Windows NT 6.1; WOW64) AppleWebKit/537.36 (KHTML, like Gecko) Chrome/36.0.1985.143 Safari/537.36""",-80.421951,37.256076,457,Moran,Jazmin,F,1704548482817,True
1705524982817,5414,paid,1,Crown Point,46307,IN,"""Mozilla/5.0 (Windows NT 6.1) AppleWebKit/537.36 (KHTML, like Gecko) Chrome/36.0.1985.143 Safari/537.36""",-87.326033,41.403917,921,Cannon,Elvin,M,1704548482817,True
1705526976817,4525,free,1,Miami,33162,FL,Mozilla/5.0 (Windows NT 5.1; rv:31.0) Gecko/20100101 Firefox/31.0,-80.177175,25.927997,898,Grant,Amari,M,1704548482817,True
1705527222817,4318,paid,3,Saint Louis,63121,MO,"""Mozilla/5.0 (Macintosh; Intel Mac OS X 10_10) AppleWebKit/600.1.3 (KHTML, like Gecko) Version/8.0 Safari/600.1.3""",-90.301334,38.707193,,,,,,False
1705536177817,5247,paid,1,Houston,77030,TX,Mozilla/5.0 (Windows NT 6.1; WOW64; Trident/7.0; rv:11.0) like Gecko,-95.401748,29.706787,88,Hess,Aiden,M,1704548482817,True
1705540281817,4635,paid,2,Arlington,76006,TX,"""Mozilla/5.0 (Macintosh; Intel Mac OS X 10_9_2) AppleWebKit/537.74.9 (KHTML, like Gecko) Version/7.0.2 Safari/537.74.9""",-97.100052,32.784952,,,,,,False
1705540282817,4635,paid,3,Arlington,76006,TX,"""Mozilla/5.0 (Macintosh; Intel Mac OS X 10_9_2) AppleWebKit/537.74.9 (KHTML, like Gecko) Version/7.0.2 Safari/537.74.9""",-97.100052,32.784952,,,,,,False
1705540301817,4635,paid,4,Arlington,76006,TX,"""Mozilla/5.0 (Macintosh; Intel Mac OS X 10_9_2) AppleWebKit/537.74.9 (KHTML, like Gecko) Version/7.0.2 Safari/537.74.9""",-97.100052,32.784952,343,Ware,Asia,F,1704548482817,True
1705545772817,3250,paid,2,Studio City,91604,CA,"""Mozilla/5.0 (Macintosh; Intel Mac OS X 10_9_4) AppleWebKit/537.36 (KHTML, like Gecko) Chrome/36.0.1985.143 Safari/537.36""",-118.39275,34.139082,325,Cooper,Tyler,M,1704548482817,True
1705560248817,4881,paid,1,Muskego,53150,WI,"""Mozilla/5.0 (Windows NT 6.3; WOW64) AppleWebKit/537.36 (KHTML, like Gecko) Chrome/36.0.1985.143 Safari/537.36""",-88.134318,42.871352,119,Robinson,Julia,F,1704548482817,True
1705563719817,5181,paid,1,Mount Juliet,37122,TN,Mozilla/5.0 (Windows NT 6.3; WOW64; rv:31.0) Gecko/20100101 Firefox/31.0,-86.480715,36.182639,13,Rosales,Austin,M,1704548482817,True
1705564184817,5534,paid,2,Pardeeville,53954,WI,Mozilla/5.0 (Windows NT 6.1; rv:31.0) Gecko/20100101 Firefox/31.0,-89.313888,43.551488,950,Foster,Atticus,M,1704548482817,True
1705567459817,5596,paid,9,Colorado Springs,80906,CO,"""Mozilla/5.0 (Windows NT 6.1; WOW64) AppleWebKit/537.36 (KHTML, like Gecko) Chrome/36.0.1985.125 Safari/537.36""",-104.878195,38.752622,421,Freeman,Zamarion,M,1704548482817,True
1705571403817,5162,paid,2,Valley Village,91607,CA,"""Mozilla/5.0 (Windows NT 6.3; WOW64) AppleWebKit/537.36 (KHTML, like Gecko) Chrome/36.0.1985.125 Safari/537.36""",-118.399795,34.165783,634,Perkins,Levi,M,1704548482817,True
1705577472817,4585,paid,1,Detroit,48228,MI,"""Mozilla/5.0 (Macintosh; Intel Mac OS X 10_9_4) AppleWebKit/537.36 (KHTML, like Gecko) Chrome/36.0.1985.125 Safari/537.36""",-83.217014,42.355455,618,Thompson,Xavier,M,1704548482817,True
1705582252817,4997,paid,2,Syracuse,13212,NY,"""Mozilla/5.0 (iPhone; CPU iPhone OS 7_1_2 like Mac OS X) AppleWebKit/537.51.2 (KHTML, like Gecko) Version/7.0 Mobile/11D257 Safari/9537.53""",-76.130154,43.129697,936,Morris,Skyler,M,1704548482817,True
1705583235817,5388,paid,1,Bay City,77414,TX,"""Mozilla/5.0 (Windows NT 6.1; WOW64) AppleWebKit/537.36 (KHTML, like Gecko) Chrome/36.0.1985.143 Safari/537.36""",-95.868152,28.908185,705,Harris,Anna,F,1704548482817,True
